name,score,pattern
bati,96.0,CVCV
bere,96.0,CVCV
bore,96.0,CVCV
cate,96.0,CVCV
cati,96.0,CVCV
cere,96.0,CVCV
core,96.0,CVCV
date,96.0,CVCV
dati,96.0,CVCV
dere,96.0,CVCV
dore,96.0,CVCV
fati,96.0,CVCV
fore,96.0,CVCV
gore,96.0,CVCV
hati,96.0,CVCV
hedi,96.0,CVCV
hedo,96.0,CVCV
hehe,96.0,CVCV
hena,96.0,CVCV
hene,96.0,CVCV
heno,96.0,CVCV
hesi,96.0,CVCV
hete,96.0,CVCV
hiti,96.0,CVCV
hore,96.0,CVCV
jati,96.0,CVCV
jere,96.0,CVCV
kati,96.0,CVCV
late,96.0,CVCV
lati,96.0,CVCV
lere,96.0,CVCV
lore,96.0,CVCV
mate,96.0,CVCV
mati,96.0,CVCV
more,96.0,CVCV
nere,96.0,CVCV
nore,96.0,CVCV
pate,96.0,CVCV
pore,96.0,CVCV
rate,96.0,CVCV
reda,96.0,CVCV
rede,96.0,CVCV
redi,96.0,CVCV
redo,96.0,CVCV
rehe,96.0,CVCV
reni,96.0,CVCV
rere,96.0,CVCV
reri,96.0,CVCV
reru,96.0,CVCV
resa,96.0,CVCV
resi,96.0,CVCV
reti,96.0,CVCV
riti,96.0,CVCV
sati,96.0,CVCV
sera,96.0,CVCV
sero,96.0,CVCV
sore,96.0,CVCV
tede,96.0,CVCV
tena,96.0,CVCV
teno,96.0,CVCV
tere,96.0,CVCV
teri,96.0,CVCV
teru,96.0,CVCV
tese,96.0,CVCV
tihe,96.0,CVCV
tini,96.0,CVCV
tinu,96.0,CVCV
tire,96.0,CVCV
tite,96.0,CVCV
vati,96.0,CVCV
wati,96.0,CVCV
wore,96.0,CVCV
yati,96.0,CVCV
yere,96.0,CVCV
yore,96.0,CVCV
lare,95.8,CVCV
tesi,95.8,CVCV
hare,95.6,CVCV
lese,95.6,CVCV
liti,95.2,CVCV
pare,95.2,CVCV
rato,95.2,CVCV
redu,95.2,CVCV
heto,95.0,CVCV
tisi,95.0,CVCV
tohe,95.0,CVCV
gare,94.8,CVCV
tesa,94.8,CVCV
bare,94.6,CVCV
siti,94.6,CVCV
mese,94.4,CVCV
tenu,94.4,CVCV
veri,94.4,CVCV
hele,94.2,CVCV
tita,94.2,CVCV
yare,94.2,CVCV
dese,94.0,CVCV
tisa,94.0,CVCV
tori,94.0,CVCV
vero,94.0,CVCV
hato,93.6,CVCV
miti,93.6,CVCV
sene,93.6,CVCV
teti,93.6,CVCV
toni,93.6,CVCV
toro,93.6,CVCV
fiti,93.4,CVCV
nato,93.4,CVCV
site,93.4,CVCV
teda,93.4,CVCV
deri,93.2,CVCV
kiti,93.2,CVCV
mero,93.2,CVCV
tedo,93.2,CVCV
tora,93.2,CVCV
fato,93.0,CVCV
witi,93.0,CVCV
mera,92.8,CVCV
dite,92.6,CVCV
jiti,92.6,CVCV
vato,92.6,CVCV
wato,92.6,CVCV
dera,92.4,CVCV
hito,92.4,CVCV
jato,92.4,CVCV
sede,92.4,CVCV
seru,92.4,CVCV
tete,92.4,CVCV
tisu,92.4,CVCV
yiti,92.4,CVCV
fite,92.2,CVCV
yato,92.2,CVCV
ahen,92.0,VCVC
aher,92.0,VCVC
alen,92.0,VCVC
anal,92.0,VCVC
anan,92.0,VCVC
aner,92.0,VCVC
anes,92.0,VCVC
anin,92.0,VCVC
anon,92.0,VCVC
anor,92.0,VCVC
arat,92.0,VCVC
arer,92.0,VCVC
arin,92.0,VCVC
aser,92.0,VCVC
atan,92.0,VCVC
atat,92.0,VCVC
atel,92.0,VCVC
ater,92.0,VCVC
atim,92.0,VCVC
atir,92.0,VCVC
ehen,92.0,VCVC
ehes,92.0,VCVC
enan,92.0,VCVC
enat,92.0,VCVC
enen,92.0,VCVC
enor,92.0,VCVC
eran,92.0,VCVC
erar,92.0,VCVC
erem,92.0,VCVC
erer,92.0,VCVC
erin,92.0,VCVC
eris,92.0,VCVC
erit,92.0,VCVC
esat,92.0,VCVC
eses,92.0,VCVC
eson,92.0,VCVC
eter,92.0,VCVC
gite,92.0,CVCV
ihen,92.0,VCVC
ihes,92.0,VCVC
inan,92.0,VCVC
inen,92.0,VCVC
inis,92.0,VCVC
inon,92.0,VCVC
inor,92.0,VCVC
iren,92.0,VCVC
irer,92.0,VCVC
ires,92.0,VCVC
isan,92.0,VCVC
isen,92.0,VCVC
iser,92.0,VCVC
ises,92.0,VCVC
isin,92.0,VCVC
itan,92.0,VCVC
iten,92.0,VCVC
ites,92.0,VCVC
itin,92.0,VCVC
itis,92.0,VCVC
itit,92.0,VCVC
itor,92.0,VCVC
kite,92.0,CVCV
ofon,92.0,VCVC
ohen,92.0,VCVC
oher,92.0,VCVC
ohes,92.0,VCVC
ones,92.0,VCVC
onin,92.0,VCVC
onon,92.0,VCVC
onor,92.0,VCVC
orel,92.0,VCVC
orem,92.0,VCVC
orer,92.0,VCVC
ores,92.0,VCVC
oret,92.0,VCVC
orin,92.0,VCVC
oris,92.0,VCVC
oror,92.0,VCVC
otin,92.0,VCVC
rele,92.0,CVCV
rine,92.0,CVCV
seno,92.0,CVCV
tonu,92.0,CVCV
uher,92.0,VCVC
uren,92.0,VCVC
urer,92.0,VCVC
ures,92.0,VCVC
utin,92.0,VCVC
bite,91.8,CVCV
edat,91.8,VCVC
lehe,91.8,CVCV
wite,91.8,CVCV
bese,91.6,CVCV
hise,91.6,CVCV
onis,91.6,VCVC
orit,91.6,VCVC
seni,91.6,CVCV
tedu,91.6,CVCV
esor,91.4,VCVC
heve,91.4,CVCV
itat,91.4,VCVC
isat,91.2,VCVC
rise,91.2,CVCV
yite,91.2,CVCV
atal,91.0,VCVC
hean,91.0,CVVC
heas,91.0,CVVC
heco,91.0,CVCV
heon,91.0,CVVC
heor,91.0,CVVC
onal,91.0,VCVC
real,91.0,CVVC
rean,91.0,CVVC
reat,91.0,CVVC
rein,91.0,CVVC
reor,91.0,CVVC
teat,91.0,CVVC
tein,91.0,CVVC
tian,91.0,CVVC
tiat,91.0,CVVC
tier,91.0,CVVC
tion,91.0,CVVC
tior,91.0,CVVC
atem,90.8,VCVC
beri,90.8,CVCV
gese,90.8,CVCV
hino,90.8,CVCV
lito,90.8,CVCV
nera,90.8,CVCV
pese,90.8,CVCV
pite,90.8,CVCV
asin,90.6,VCVC
atar,90.6,VCVC
esis,90.6,VCVC
hina,90.6,CVCV
mehe,90.6,CVCV
onar,90.6,VCVC
seso,90.6,CVCV
enit,90.4,VCVC
hini,90.4,CVCV
lede,90.4,CVCV
leru,90.4,CVCV
mene,90.4,CVCV
oral,90.4,VCVC
rane,90.4,CVCV
tofo,90.4,CVCV
toti,90.4,CVCV
uten,90.4,VCVC
enal,90.2,VCVC
esit,90.2,VCVC
fese,90.2,CVCV
rina,90.2,CVCV
sito,90.2,CVCV
tofa,90.2,CVCV
tofi,90.2,CVCV
atom,90.0,VCVC
dene,90.0,CVCV
geri,90.0,CVCV
leno,90.0,CVCV
lise,90.0,CVCV
ofor,90.0,VCVC
peri,90.0,CVCV
rini,90.0,CVCV
senu,90.0,CVCV
tico,90.0,CVCV
tofu,90.0,CVCV
vede,90.0,CVCV
veru,90.0,CVCV
enar,89.8,VCVC
hehi,89.8,CVCV
hihe,89.8,CVCV
wese,89.8,CVCV
aret,89.6,VCVC
edor,89.6,VCVC
hela,89.6,CVCV
jese,89.6,CVCV
leni,89.6,CVCV
pero,89.6,CVCV
rone,89.6,CVCV
veno,89.6,CVCV
isor,89.4,VCVC
lesi,89.4,CVCV
reit,89.4,CVVC
rihe,89.4,CVCV
sise,89.4,CVCV
yese,89.4,CVCV
aris,89.2,VCVC
cora,89.2,CVCV
itel,89.2,VCVC
mede,89.2,CVCV
mine,89.2,CVCV
nito,89.2,CVCV
otes,89.2,VCVC
utes,89.2,VCVC
anas,89.0,VCVC
fine,89.0,CVCV
hens,89.0,CVCC
hent,89.0,CVCC
hern,89.0,CVCC
hert,89.0,CVCC
hesl,89.0,CVCC
hesm,89.0,CVCC
hion,89.0,CVVC
mest,89.0,CVCC
qere,89.0,CVCV
redr,89.0,CVCC
rens,89.0,CVCC
rent,89.0,CVCC
rerl,89.0,CVCC
rers,89.0,CVCC
rert,89.0,CVCC
resm,89.0,CVCC
rest,89.0,CVCC
seat,89.0,CVVC
seda,89.0,CVCV
tane,89.0,CVCV
teal,89.0,CVVC
tens,89.0,CVCC
tent,89.0,CVCC
terl,89.0,CVCC
term,89.0,CVCC
ters,89.0,CVCC
tert,89.0,CVCC
tins,89.0,CVCC
tist,89.0,CVCC
vesi,89.0,CVCV
xati,89.0,CVCV
zati,89.0,CVCV
zere,89.0,CVCV
zore,89.0,CVCV
arit,88.8,VCVC
deru,88.8,CVCV
esal,88.8,VCVC
gito,88.8,CVCV
hane,88.8,CVCV
hinu,88.8,CVCV
jeri,88.8,CVCV
kero,88.8,CVCV
meno,88.8,CVCV
rano,88.8,CVCV
sedo,88.8,CVCV
bine,88.6,CVCV
bito,88.6,CVCV
dest,88.6,CVCC
dise,88.6,CVCV
isis,88.6,VCVC
leso,88.6,CVCV
mena,88.6,CVCV
nane,88.6,CVCV
nehe,88.6,CVCV
rion,88.6,CVVC
tear,88.6,CVVC
toer,88.6,CVVC
vine,88.6,CVCV
wero,88.6,CVCV
yeri,88.6,CVCV
alis,88.4,VCVC
deno,88.4,CVCV
jero,88.4,CVCV
lesa,88.4,CVCV
meni,88.4,CVCV
oser,88.4,VCVC
otis,88.4,VCVC
rani,88.4,CVCV
reli,88.4,CVCV
reme,88.4,CVCV
sane,88.4,CVCV
tele,88.4,CVCV
cehe,88.2,CVCV
fise,88.2,CVCV
hece,88.2,CVCV
mesi,88.2,CVCV
ofis,88.2,VCVC
veso,88.2,CVCV
wera,88.2,CVCV
yero,88.2,CVCV
alit,88.0,VCVC
asti,88.0,VCCV
athe,88.0,VCCV
atho,88.0,VCCV
cene,88.0,CVCV
conu,88.0,CVCV
erte,88.0,VCCV
erti,88.0,VCCV
eshe,88.0,VCCV
esto,88.0,VCCV
etit,88.0,VCVC
gane,88.0,CVCV
iste,88.0,VCCV
isti,88.0,VCCV
itha,88.0,VCCV
ithe,88.0,VCCV
ithi,88.0,VCCV
ithu,88.0,VCCV
itil,88.0,VCVC
itim,88.0,VCVC
itir,88.0,VCVC
itre,88.0,VCCV
kise,88.0,CVCV
lenu,88.0,CVCV
ofre,88.0,VCCV
onti,88.0,VCCV
othe,88.0,VCCV
otit,88.0,VCVC
rono,88.0,CVCV
rori,88.0,CVCV
sete,88.0,CVCV
uthe,88.0,VCCV
uton,88.0,VCVC
xate,88.0,CVCV
yito,88.0,CVCV
ason,87.8,VCVC
bise,87.8,CVCV
dino,87.8,CVCV
hebe,87.8,CVCV
hema,87.8,CVCV
mahe,87.8,CVCV
onas,87.8,VCVC
qate,87.8,CVCV
rona,87.8,CVCV
sein,87.8,CVVC
teor,87.8,CVVC
wane,87.8,CVCV
atot,87.6,VCVC
cano,87.6,CVCV
cine,87.6,CVCV
hire,87.6,CVCV
icon,87.6,VCVC
into,87.6,VCCV
mino,87.6,CVCV
none,87.6,CVCV
pito,87.6,CVCV
rehi,87.6,CVCV
roni,87.6,CVCV
roro,87.6,CVCV
sihe,87.6,CVCV
cana,87.4,CVCV
fino,87.4,CVCV
heca,87.4,CVCV
helu,87.4,CVCV
lano,87.4,CVCV
mean,87.4,CVVC
nina,87.4,CVCV
orti,87.4,VCCV
rela,87.4,CVCV
yane,87.4,CVCV
arar,87.2,VCVC
asat,87.2,VCVC
cani,87.2,CVCV
esel,87.2,VCVC
fina,87.2,CVCV
hano,87.2,CVCV
heta,87.2,CVCV
inge,87.2,VCCV
leti,87.2,CVCV
linu,87.2,CVCV
nede,87.2,CVCV
tahe,87.2,CVCV
tesl,87.2,CVCC
tice,87.2,CVCV
tile,87.2,CVCV
yise,87.2,CVCV
ahed,87.0,VCVC
ated,87.0,VCVC
atic,87.0,VCVC
atid,87.0,VCVC
atig,87.0,VCVC
atik,87.0,VCVC
atip,87.0,VCVC
atiw,87.0,VCVC
atiy,87.0,VCVC
atof,87.0,VCVC
bino,87.0,CVCV
cher,87.0,CCVC
cren,87.0,CCVC
cter,87.0,CCVC
deso,87.0,CVCV
dren,87.0,CCVC
drer,87.0,CCVC
dres,87.0,CCVC
edar,87.0,VCVC
eded,87.0,VCVC
enas,87.0,VCVC
ereb,87.0,VCVC
erec,87.0,VCVC
eref,87.0,VCVC
ereg,87.0,VCVC
erek,87.0,VCVC
erep,87.0,VCVC
erev,87.0,VCVC
erew,87.0,VCVC
erey,87.0,VCVC
erto,87.0,VCCV
fren,87.0,CCVC
fres,87.0,CCVC
fter,87.0,CCVC
ftin,87.0,CCVC
gehe,87.0,CVCV
gher,87.0,CCVC
ghes,87.0,CCVC
gina,87.0,CVCV
gren,87.0,CCVC
grer,87.0,CCVC
hahe,87.0,CVCV
heen,87.0,CVVC
hees,87.0,CVVC
heha,87.0,CVCV
hepe,87.0,CVCV
ined,87.0,VCVC
ised,87.0,VCVC
ital,87.0,VCVC
ited,87.0,VCVC
itof,87.0,VCVC
leat,87.0,CVVC
leda,87.0,CVCV
ledi,87.0,CVCV
nano,87.0,CVCV
nten,87.0,CCVC
ntin,87.0,CCVC
ofar,87.0,VCVC
ohed,87.0,VCVC
oned,87.0,VCVC
orec,87.0,VCVC
ored,87.0,VCVC
oreg,87.0,VCVC
orej,87.0,VCVC
orek,87.0,VCVC
orep,87.0,VCVC
orew,87.0,VCVC
phen,87.0,CCVC
pher,87.0,CCVC
phes,87.0,CCVC
prer,87.0,CCVC
ptin,87.0,CCVC
rees,87.0,CVVC
relo,87.0,CVCV
rter,87.0,CCVC
rtin,87.0,CCVC
shes,87.0,CCVC
stin,87.0,CCVC
stit,87.0,CCVC
ston,87.0,CCVC
stor,87.0,CCVC
teer,87.0,CVVC
tesm,87.0,CVCC
tesn,87.0,CVCC
thas,87.0,CCVC
that,87.0,CCVC
thel,87.0,CCVC
them,87.0,CCVC
ther,87.0,CCVC
thes,87.0,CCVC
thin,87.0,CCVC
thit,87.0,CCVC
thon,87.0,CCVC
tiin,87.0,CVVC
uhed,87.0,VCVC
ured,87.0,VCVC
vino,87.0,CVCV
when,87.0,CCVC
wher,87.0,CCVC
whes,87.0,CCVC
wrer,87.0,CCVC
wres,87.0,CCVC
zare,87.0,CVCV
bina,86.8,CVCV
cede,86.8,CVCV
ceru,86.8,CVCV
cise,86.8,CVCV
dahe,86.8,CVCV
dihe,86.8,CVCV
gene,86.8,CVCV
hani,86.8,CVCV
inse,86.8,VCCV
isal,86.8,VCVC
item,86.8,VCVC
itet,86.8,VCVC
lesu,86.8,CVCV
nahe,86.8,CVCV
pene,86.8,CVCV
pise,86.8,CVCV
ranu,86.8,CVCV
rten,86.8,CCVC
sion,86.8,CVVC
sohe,86.8,CVCV
tive,86.8,CVCV
veti,86.8,CVCV
wina,86.8,CVCV
bini,86.6,CVCV
bone,86.6,CVCV
fano,86.6,CVCV
fohe,86.6,CVCV
hemo,86.6,CVCV
itar,86.6,VCVC
itic,86.6,VCVC
jino,86.6,CVCV
kone,86.6,CVCV
lten,86.6,CCVC
mata,86.6,CVCV
mohe,86.6,CVCV
nani,86.6,CVCV
nena,86.6,CVCV
sahe,86.6,CVCV
sers,86.6,CVCC
tial,86.6,CVVC
titr,86.6,CVCC
tont,86.6,CVCC
veat,86.6,CVVC
vone,86.6,CVCV
wini,86.6,CVCV
ange,86.4,VCCV
cofo,86.4,CVCV
denu,86.4,CVCV
fahe,86.4,CVCV
fana,86.4,CVCV
fehe,86.4,CVCV
fure,86.4,CVCV
gano,86.4,CVCV
hefe,86.4,CVCV
hefi,86.4,CVCV
ingi,86.4,VCCV
kano,86.4,CVCV
oler,86.4,VCVC
pani,86.4,CVCV
rase,86.4,CVCV
sani,86.4,CVCV
tisl,86.4,CVCC
uler,86.4,VCVC
ased,86.2,VCVC
bano,86.2,CVCV
bure,86.2,CVCV
cofa,86.2,CVCV
cofe,86.2,CVCV
fani,86.2,CVCV
fene,86.2,CVCV
ften,86.2,CCVC
fuhe,86.2,CVCV
gahe,86.2,CVCV
gana,86.2,CVCV
gihe,86.2,CVCV
gohe,86.2,CVCV
hefu,86.2,CVCV
hega,86.2,CVCV
hego,86.2,CVCV
heka,86.2,CVCV
heki,86.2,CVCV
hist,86.2,CVCC
ired,86.2,VCVC
jini,86.2,CVCV
kahe,86.2,CVCV
kihe,86.2,CVCV
orte,86.2,VCCV
rior,86.2,CVVC
teis,86.2,CVVC
tiar,86.2,CVVC
toen,86.2,CVVC
vano,86.2,CVCV
yone,86.2,CVCV
anse,86.0,VCCV
bana,86.0,CVCV
bohe,86.0,CVCV
cofu,86.0,CVCV
gani,86.0,CVCV
heba,86.0,CVCV
hebi,86.0,CVCV
heko,86.0,CVCV
heof,86.0,CVVC
hevi,86.0,CVCV
hevo,86.0,CVCV
hewa,86.0,CVCV
hewi,86.0,CVCV
hori,86.0,CVCV
inel,86.0,VCVC
itom,86.0,VCVC
lata,86.0,CVCV
lete,86.0,CVCV
lire,86.0,CVCV
meti,86.0,CVCV
ofti,86.0,VCCV
pten,86.0,CCVC
rece,86.0,CVCV
ronu,86.0,CVCV
tata,86.0,CVCV
tedr,86.0,CVCC
thei,86.0,CCVV
theo,86.0,CCVV
time,86.0,CVCV
usen,86.0,VCVC
uver,86.0,VCVC
vana,86.0,CVCV
vihe,86.0,CVCV
wana,86.0,CVCV
yini,86.0,CVCV
ateb,85.8,VCVC
ateg,85.8,VCVC
ateh,85.8,VCVC
atek,85.8,VCVC
atep,85.8,VCVC
atev,85.8,VCVC
atew,85.8,VCVC
atey,85.8,VCVC
bena,85.8,CVCV
cesi,85.8,CVCV
cina,85.8,CVCV
dale,85.8,CVCV
heje,85.8,CVCV
hejo,85.8,CVCV
heju,85.8,CVCV
jana,85.8,CVCV
jehe,85.8,CVCV
johe,85.8,CVCV
juhe,85.8,CVCV
meat,85.8,CVVC
meda,85.8,CVCV
medi,85.8,CVCV
nale,85.8,CVCV
nger,85.8,CCVC
nona,85.8,CVCV
ntes,85.8,CCVC
pina,85.8,CVCV
seon,85.8,CVVC
sono,85.8,CVCV
sori,85.8,CVCV
teas,85.8,CVVC
teit,85.8,CVVC
vani,85.8,CVCV
wani,85.8,CVCV
angi,85.6,VCCV
canu,85.6,CVCV
cini,85.6,CVCV
coru,85.6,CVCV
dori,85.6,CVCV
elin,85.6,VCVC
erse,85.6,VCCV
esof,85.6,VCVC
fion,85.6,CVVC
fori,85.6,CVCV
gede,85.6,CVCV
heji,85.6,CVCV
heya,85.6,CVCV
heyo,85.6,CVCV
horo,85.6,CVCV
jene,85.6,CVCV
jihe,85.6,CVCV
lona,85.6,CVCV
mase,85.6,CVCV
mesu,85.6,CVCV
nata,85.6,CVCV
ninu,85.6,CVCV
noni,85.6,CVCV
noro,85.6,CVCV
pale,85.6,CVCV
peru,85.6,CVCV
rema,85.6,CVCV
reof,85.6,CVVC
rtes,85.6,CCVC
sale,85.6,CVCV
sona,85.6,CVCV
teve,85.6,CVCV
utor,85.6,VCVC
vete,85.6,CVCV
yana,85.6,CVCV
yehe,85.6,CVCV
deat,85.4,CVVC
dona,85.4,CVCV
fona,85.4,CVCV
gest,85.4,CVCC
heyu,85.4,CVCV
hisi,85.4,CVCV
lanu,85.4,CVCV
loni,85.4,CVCV
loro,85.4,CVCV
nser,85.4,CCVC
pata,85.4,CVCV
pest,85.4,CVCC
serm,85.4,CVCC
soni,85.4,CVCV
tanu,85.4,CVCV
teen,85.4,CVVC
vein,85.4,CVVC
yihe,85.4,CVCV
anel,85.2,VCVC
dedo,85.2,CVCV
desu,85.2,CVCV
doni,85.2,CVCV
dure,85.2,CVCV
eles,85.2,VCVC
emer,85.2,VCVC
fata,85.2,CVCV
foro,85.2,CVCV
geno,85.2,CVCV
ginu,85.2,CVCV
gono,85.2,CVCV
gure,85.2,CVCV
hure,85.2,CVCV
ican,85.2,VCVC
icor,85.2,VCVC
imer,85.2,VCVC
ingu,85.2,VCCV
isel,85.2,VCVC
ledu,85.2,CVCV
nesa,85.2,CVCV
omen,85.2,VCVC
onge,85.2,VCCV
peno,85.2,CVCV
pure,85.2,CVCV
ratu,85.2,CVCV
rure,85.2,CVCV
sure,85.2,CVCV
tihi,85.2,CVCV
ture,85.2,CVCV
umer,85.2,VCVC
uran,85.2,VCVC
vion,85.2,CVVC
vure,85.2,CVCV
wure,85.2,CVCV
xiti,85.2,CVCV
bale,85.0,CVCV
binu,85.0,CVCV
bono,85.0,CVCV
bori,85.0,CVCV
cean,85.0,CVVC
cihe,85.0,CVCV
cuhe,85.0,CVCV
danu,85.0,CVCV
duhe,85.0,CVCV
feru,85.0,CVCV
gata,85.0,CVCV
gona,85.0,CVCV
guhe,85.0,CVCV
heci,85.0,CVCV
hecu,85.0,CVCV
hegu,85.0,CVCV
hehu,85.0,CVCV
hepo,85.0,CVCV
hess,85.0,CVCC
hetu,85.0,CVCV
hevu,85.0,CVCV
hewu,85.0,CVCV
huhe,85.0,CVCV
lase,85.0,CVCV
lior,85.0,CVVC
lora,85.0,CVCV
luhe,85.0,CVCV
muhe,85.0,CVCV
ntis,85.0,CCVC
pena,85.0,CVCV
pihe,85.0,CVCV
puhe,85.0,CVCV
risi,85.0,CVCV
tits,85.0,CVCC
toes,85.0,CVVC
vono,85.0,CVCV
vori,85.0,CVCV
winu,85.0,CVCV
wori,85.0,CVCV
wuhe,85.0,CVCV
zato,85.0,CVCV
alti,84.8,VCCV
bata,84.8,CVCV
bona,84.8,CVCV
cesa,84.8,CVCV
dora,84.8,CVCV
esem,84.8,VCVC
fora,84.8,CVCV
hase,84.8,CVCV
jale,84.8,CVCV
jori,84.8,CVCV
kede,84.8,CVCV
keru,84.8,CVCV
kona,84.8,CVCV
lert,84.8,CVCC
mete,84.8,CVCV
nenu,84.8,CVCV
oder,84.8,VCVC
ofte,84.8,VCCV
panu,84.8,CVCV
peni,84.8,CVCV
ptes,84.8,CCVC
rege,84.8,CVCV
reha,84.8,CVCV
reho,84.8,CVCV
repe,84.8,CVCV
teli,84.8,CVCV
teme,84.8,CVCV
uses,84.8,VCVC
vedu,84.8,CVCV
xato,84.8,CVCV
areb,84.6,VCVC
aref,84.6,VCVC
areg,84.6,VCVC
arej,84.6,VCVC
arek,84.6,VCVC
arev,84.6,VCVC
arew,84.6,VCVC
arof,84.6,VCVC
arti,84.6,VCCV
bean,84.6,CVVC
beso,84.6,CVCV
boni,84.6,CVCV
boro,84.6,CVCV
coer,84.6,CVVC
dase,84.6,CVCV
esta,84.6,VCCV
feno,84.6,CVCV
jata,84.6,CVCV
jinu,84.6,CVCV
kest,84.6,CVCC
koro,84.6,CVCV
lers,84.6,CVCC
list,84.6,CVCC
ltis,84.6,CCVC
mein,84.6,CVVC
nase,84.6,CVCV
ntit,84.6,CCVC
pesi,84.6,CVCV
qato,84.6,CVCV
rser,84.6,CCVC
voni,84.6,CVCV
voro,84.6,CVCV
wede,84.6,CVCV
woni,84.6,CVCV
yion,84.6,CVVC
aras,84.4,VCVC
besa,84.4,CVCV
fena,84.4,CVCV
ganu,84.4,CVCV
hisa,84.4,CVCV
inom,84.4,VCVC
irin,84.4,VCVC
joro,84.4,CVCV
lser,84.4,CCVC
matu,84.4,CVCV
mire,84.4,CVCV
nire,84.4,CVCV
oman,84.4,VCVC
onga,84.4,VCCV
ongi,84.4,VCCV
ongo,84.4,VCCV
repa,84.4,CVCV
rofo,84.4,CVCV
rtit,84.4,CCVC
sase,84.4,CVCV
sior,84.4,CVVC
tiro,84.4,CVCV
uron,84.4,VCVC
vert,84.4,CVCC
yinu,84.4,CVCV
yona,84.4,CVCV
asit,84.2,VCVC
banu,84.2,CVCV
cion,84.2,CVVC
coan,84.2,CVVC
ctis,84.2,CCVC
dein,84.2,CVVC
ftis,84.2,CCVC
kena,84.2,CVCV
kora,84.2,CVCV
ltit,84.2,CCVC
lton,84.2,CCVC
ofof,84.2,VCVC
refa,84.2,CVCV
refi,84.2,CVCV
rofa,84.2,CVCV
vanu,84.2,CVCV
vers,84.2,CVCC
wanu,84.2,CVCV
weno,84.2,CVCV
yede,84.2,CVCV
yeru,84.2,CVCV
yoro,84.2,CVCV
bith,84.0,CVCC
cath,84.0,CVCC
catu,84.0,CVCV
ense,84.0,VCCV
eril,84.0,VCVC
erir,84.0,VCVC
fath,84.0,CVCC
fesi,84.0,CVCV
gase,84.0,CVCV
gire,84.0,CVCV
gith,84.0,CVCC
hath,84.0,CVCC
hedw,84.0,CVCC
henc,84.0,CVCC
heng,84.0,CVCC
henk,84.0,CVCC
herp,84.0,CVCC
hesw,84.0,CVCC
honu,84.0,CVCV
icen,84.0,VCVC
janu,84.0,CVCV
jath,84.0,CVCC
jeno,84.0,CVCV
kase,84.0,CVCV
kath,84.0,CVCC
leng,84.0,CVCC
ling,84.0,CVCC
mari,84.0,CVCV
meng,84.0,CVCC
neti,84.0,CVCV
nith,84.0,CVCC
nonu,84.0,CVCV
ocon,84.0,VCVC
omes,84.0,VCVC
omin,84.0,VCVC
path,84.0,CVCC
pinu,84.0,CVCV
ptis,84.0,CCVC
rali,84.0,CVCV
rang,84.0,CVCC
rara,84.0,CVCV
refu,84.0,CVCV
rega,84.0,CVCV
regi,84.0,CVCV
rego,84.0,CVCV
reke,84.0,CVCV
reng,84.0,CVCC
renk,84.0,CVCC
rerc,84.0,CVCC
rerf,84.0,CVCC
rerg,84.0,CVCC
rerk,84.0,CVCC
rerp,84.0,CVCC
resh,84.0,CVCC
resk,84.0,CVCC
resp,84.0,CVCC
reth,84.0,CVCC
rith,84.0,CVCC
rofu,84.0,CVCV
sath,84.0,CVCC
sele,84.0,CVCV
seng,84.0,CVCC
tath,84.0,CVCC
terb,84.0,CVCC
terc,84.0,CVCC
terd,84.0,CVCC
terk,84.0,CVCC
terv,84.0,CVCC
tici,84.0,CVCV
ticu,84.0,CVCV
tinc,84.0,CVCC
ting,84.0,CVCC
tink,84.0,CVCC
tira,84.0,CVCV
tith,84.0,CVCC
tome,84.0,CVCV
toth,84.0,CVCC
ulen,84.0,VCVC
vath,84.0,CVCC
wath,84.0,CVCC
with,84.0,CVCC
xite,84.0,CVCV
yith,84.0,CVCC
bire,83.8,CVCV
ftit,83.8,CCVC
gean,83.8,CVVC
itas,83.8,VCVC
latu,83.8,CVCV
lisi,83.8,CVCV
lonu,83.8,CVCV
neat,83.8,CVVC
neda,83.8,CVCV
nedi,83.8,CVCV
pona,83.8,CVCV
qite,83.8,CVCV
reba,83.8,CVCV
rebi,83.8,CVCV
rebu,83.8,CVCV
reko,83.8,CVCV
reku,83.8,CVCV
revo,83.8,CVCV
rewa,83.8,CVCV
rewe,83.8,CVCV
rewi,83.8,CVCV
rewo,83.8,CVCV
sing,83.8,CVCC
sonu,83.8,CVCV
tatu,83.8,CVCV
torn,83.8,CVCC
wase,83.8,CVCV
wire,83.8,CVCV
yanu,83.8,CVCV
yeno,83.8,CVCV
yora,83.8,CVCV
alte,83.6,VCCV
donu,83.6,CVCV
enga,83.6,VCCV
erot,83.6,VCVC
even,83.6,VCVC
fonu,83.6,CVCV
heam,83.6,CVVC
icat,83.6,VCVC
iche,83.6,VCCV
icin,83.6,VCVC
inet,83.6,VCVC
isas,83.6,VCVC
isof,83.6,VCVC
itol,83.6,VCVC
itot,83.6,VCVC
jase,83.6,CVCV
jeni,83.6,CVCV
ofed,83.6,VCVC
poni,83.6,CVCV
ptit,83.6,CCVC
pton,83.6,CCVC
reja,83.6,CVCV
rejo,83.6,CVCV
reju,83.6,CVCV
tili,83.6,CVCV
urat,83.6,VCVC
urel,83.6,VCVC
uven,83.6,VCVC
wesi,83.6,CVCV
ahel,83.4,VCVC
arte,83.4,VCCV
ceat,83.4,CVVC
datu,83.4,CVCV
hint,83.4,CVCC
jesi,83.4,CVCV
mern,83.4,CVCC
mers,83.4,CVCC
natu,83.4,CVCV
ngen,83.4,CCVC
ngon,83.4,CCVC
nior,83.4,CVVC
reji,83.4,CVCV
reya,83.4,CVCV
reye,83.4,CVCV
rins,83.4,CVCC
seer,83.4,CVVC
seor,83.4,CVVC
telo,83.4,CVCV
tenk,83.4,CVCC
tiis,83.4,CVVC
yeni,83.4,CVCV
beti,83.2,CVCV
caro,83.2,CVCV
cesu,83.2,CVCV
enel,83.2,VCVC
feso,83.2,CVCV
fior,83.2,CVVC
gonu,83.2,CVCV
ilin,83.2,VCVC
olin,83.2,VCVC
ongu,83.2,VCCV
patu,83.2,CVCV
penu,83.2,CVCV
pora,83.2,CVCV
reyi,83.2,CVCV
rong,83.2,CVCC
rote,83.2,CVCV
tess,83.2,CVCC
ulin,83.2,VCVC
uner,83.2,VCVC
yire,83.2,CVCV
atiq,83.0,VCVC
atiz,83.0,VCVC
dari,83.0,CVCV
ereq,83.0,VCVC
hian,83.0,CVVC
itid,83.0,VCVC
itif,83.0,VCVC
itig,83.0,VCVC
itij,83.0,VCVC
itik,83.0,VCVC
itiv,83.0,VCVC
itiw,83.0,VCVC
itiy,83.0,VCVC
keso,83.0,CVCV
konu,83.0,CVCV
lens,83.0,CVCC
liso,83.0,CVCV
ngat,83.0,CCVC
nsen,83.0,CCVC
orez,83.0,VCVC
orto,83.0,VCCV
rier,83.0,CVVC
roin,83.0,CVVC
taro,83.0,CVCV
tois,83.0,CVVC
verl,83.0,CVCC
alof,82.8,VCVC
anem,82.8,VCVC
anet,82.8,VCVC
bedo,82.8,CVCV
besu,82.8,CVCV
bior,82.8,CVVC
cali,82.8,CVCV
cire,82.8,CVCV
ethi,82.8,VCCV
fist,82.8,CVCC
gatu,82.8,CVCV
haro,82.8,CVCV
hisu,82.8,CVCV
ices,82.8,VCVC
iles,82.8,VCVC
imen,82.8,VCVC
inde,82.8,VCCV
iran,82.8,VCVC
isem,82.8,VCVC
jonu,82.8,CVCV
katu,82.8,CVCV
kesa,82.8,CVCV
ming,82.8,CVCC
ning,82.8,CVCC
omat,82.8,VCVC
osti,82.8,VCCV
rehu,82.8,CVCV
remu,82.8,CVCV
repo,82.8,CVCV
repu,82.8,CVCV
retu,82.8,CVCV
revu,82.8,CVCV
rewu,82.8,CVCV
sari,82.8,CVCV
sesl,82.8,CVCC
tole,82.8,CVCV
umen,82.8,VCVC
usti,82.8,VCCV
uthi,82.8,VCCV
vior,82.8,CVVC
wior,82.8,CVVC
atob,82.6,VCVC
atoc,82.6,VCVC
atoh,82.6,VCVC
atoj,82.6,VCVC
atok,82.6,VCVC
atop,82.6,VCVC
atow,82.6,VCVC
atoy,82.6,VCVC
cont,82.6,CVCC
eted,82.6,VCVC
fari,82.6,CVCV
fenu,82.6,CVCV
fing,82.6,CVCC
fler,82.6,CCVC
gist,82.6,CVCC
ista,82.6,VCCV
jeso,82.6,CVCV
kist,82.6,CVCC
lali,82.6,CVCV
lent,82.6,CVCC
meon,82.6,CVVC
nein,82.6,CVVC
ralo,82.6,CVCV
tang,82.6,CVCC
tila,82.6,CVCV
tiol,82.6,CVVC
tios,82.6,CVVC
tiot,82.6,CVVC
toft,82.6,CVCC
torl,82.6,CVCC
usin,82.6,VCVC
uted,82.6,VCVC
vatu,82.6,CVCV
vens,82.6,CVCC
watu,82.6,CVCV
wesa,82.6,CVCV
aber,82.4,VCVC
alel,82.4,VCVC
asar,82.4,VCVC
aves,82.4,VCVC
bist,82.4,CVCC
cete,82.4,CVCV
eber,82.4,VCVC
engu,82.4,VCCV
erle,82.4,VCCV
estu,82.4,VCCV
eves,82.4,VCVC
geti,82.4,CVCV
gler,82.4,CCVC
hang,82.4,CVCC
heur,82.4,CVVC
hitu,82.4,CVCV
hoti,82.4,CVCV
iber,82.4,VCVC
iden,82.4,VCVC
inur,82.4,VCVC
jesa,82.4,CVCV
jior,82.4,CVVC
nofo,82.4,CVCV
oden,82.4,VCVC
oves,82.4,VCVC
paro,82.4,CVCV
siso,82.4,CVCV
sita,82.4,CVCV
sler,82.4,CCVC
tece,82.4,CVCV
tenc,82.4,CVCC
tige,82.4,CVCV
tiha,82.4,CVCV
tiss,82.4,CVCC
tove,82.4,CVCV
uden,82.4,VCVC
uves,82.4,VCVC
veto,82.4,CVCV
vist,82.4,CVCC
yean,82.4,CVVC
bari,82.2,CVCV
bing,82.2,CVCC
cein,82.2,CVVC
coen,82.2,CVVC
elat,82.2,VCVC
elon,82.2,VCVC
erde,82.2,VCCV
faro,82.2,CVCV
gedi,82.2,CVCV
hofe,82.2,CVCV
lear,82.2,CVVC
lofo,82.2,CVCV
merm,82.2,CVCC
nges,82.2,CCVC
nisi,82.2,CVCV
nofa,82.2,CVCV
nofe,82.2,CVCV
raer,82.2,CVVC
roan,82.2,CVVC
rsen,82.2,CCVC
sofo,82.2,CVCV
tesc,82.2,CVCC
tesk,82.2,CVCC
tida,82.2,CVCV
tidi,82.2,CVCV
tish,82.2,CVCC
toal,82.2,CVVC
veal,82.2,CVVC
vent,82.2,CVCC
ving,82.2,CVCC
wenu,82.2,CVCV
yesa,82.2,CVCV
yior,82.2,CVVC
zese,82.2,CVCV
aman,82.0,VCVC
ande,82.0,VCCV
bete,82.0,CVCV
bred,82.0,CCVC
cred,82.0,CCVC
dofo,82.0,CVCV
doti,82.0,CVCV
dred,82.0,CCVC
erve,82.0,VCCV
fisi,82.0,CVCV
fofo,82.0,CVCV
ghed,82.0,CCVC
heed,82.0,CVVC
hofu,82.0,CVCV
inol,82.0,VCVC
inos,82.0,VCVC
iron,82.0,VCVC
jari,82.0,CVCV
jist,82.0,CVCC
lofa,82.0,CVCV
lofi,82.0,CVCV
lsen,82.0,CCVC
moti,82.0,CVCV
neng,82.0,CVCC
nofu,82.0,CVCV
orom,82.0,VCVC
para,82.0,CVCV
pedo,82.0,CVCV
pesu,82.0,CVCV
ponu,82.0,CVCV
pred,82.0,CCVC
ritu,82.0,CVCV
rtor,82.0,CCVC
sali,82.0,CVCV
sofa,82.0,CVCV
sofe,82.0,CVCV
sofi,82.0,CVCV
tebe,82.0,CVCV
tesw,82.0,CVCC
theb,82.0,CCVC
thec,82.0,CCVC
thed,82.0,CCVC
theg,82.0,CCVC
theh,82.0,CCVC
thek,82.0,CCVC
thew,82.0,CCVC
tido,82.0,CVCV
timi,82.0,CVCV
tred,82.0,CCVC
uman,82.0,VCVC
uror,82.0,VCVC
whed,82.0,CCVC
xese,82.0,CVCV
atex,81.8,VCVC
baro,81.8,CVCV
bein,81.8,CVVC
cior,81.8,CVVC
derl,81.8,CVCC
derm,81.8,CVCC
dofa,81.8,CVCV
dofe,81.8,CVCV
dofi,81.8,CVCV
fali,81.8,CVCV
feti,81.8,CVCV
fofa,81.8,CVCV
fofe,81.8,CVCV
gisi,81.8,CVCV
inam,81.8,VCVC
iteb,81.8,VCVC
itec,81.8,VCVC
itef,81.8,VCVC
iteg,81.8,VCVC
itej,81.8,VCVC
itek,81.8,VCVC
itep,81.8,VCVC
itew,81.8,VCVC
jing,81.8,CVCC
kisi,81.8,CVCV
lier,81.8,CVVC
ltor,81.8,CCVC
mofe,81.8,CVCV
mofi,81.8,CVCV
nses,81.8,CCVC
odin,81.8,VCVC
rans,81.8,CVCC
stim,81.8,CCVC
stir,81.8,CCVC
thir,81.8,CCVC
tifi,81.8,CVCV
toar,81.8,CVVC
udin,81.8,VCVC
varo,81.8,CVCV
vear,81.8,CVVC
yari,81.8,CVCV
yenu,81.8,CVCV
acor,81.6,VCVC
aper,81.6,VCVC
bisi,81.6,CVCV
ceng,81.6,CVCC
chea,81.6,CCVV
diso,81.6,CVCV
dita,81.6,CVCV
ecan,81.6,VCVC
eger,81.6,VCVC
enom,81.6,VCVC
eper,81.6,VCVC
erco,81.6,VCCV
feda,81.6,CVCV
fedi,81.6,CVCV
futi,81.6,CVCV
gali,81.6,CVCV
gang,81.6,CVCC
gara,81.6,CVCV
gofo,81.6,CVCV
goti,81.6,CVCV
imes,81.6,VCVC
imin,81.6,VCVC
inil,81.6,VCVC
inim,81.6,VCVC
inir,81.6,VCVC
iper,81.6,VCVC
keti,81.6,CVCV
lala,81.6,CVCV
meto,81.6,CVCV
mofu,81.6,CVCV
nert,81.6,CVCC
ocor,81.6,VCVC
ofto,81.6,VCCV
oger,81.6,VCVC
onem,81.6,VCVC
onet,81.6,VCVC
sedr,81.6,CVCC
serk,81.6,CVCC
sins,81.6,CVCC
teca,81.6,CVCV
telu,81.6,CVCV
tiga,81.6,CVCV
tond,81.6,CVCC
ucan,81.6,VCVC
ucor,81.6,VCVC
uger,81.6,VCVC
umes,81.6,VCVC
umin,81.6,VCVC
unin,81.6,VCVC
uste,81.6,VCCV
wisi,81.6,CVCV
ying,81.6,CVCC
afin,81.4,VCVC
bali,81.4,CVCV
bofo,81.4,CVCV
buti,81.4,CVCV
calo,81.4,CVCV
ctor,81.4,CCVC
disa,81.4,CVCV
efin,81.4,VCVC
etan,81.4,VCVC
ftor,81.4,CCVC
gofa,81.4,CVCV
gofe,81.4,CVCV
gofi,81.4,CVCV
hala,81.4,CVCV
heza,81.4,CVCV
heze,81.4,CVCV
hiat,81.4,CVVC
ifin,81.4,VCVC
keat,81.4,CVVC
kofo,81.4,CVCV
kuti,81.4,CVCV
loru,81.4,CVCV
maer,81.4,CVVC
ment,81.4,CVCC
miso,81.4,CVCV
nern,81.4,CVCC
nita,81.4,CVCV
olan,81.4,VCVC
pist,81.4,CVCC
rant,81.4,CVCC
rler,81.4,CCVC
seas,81.4,CVVC
soru,81.4,CVCV
teta,81.4,CVCV
tiba,81.4,CVCV
tiko,81.4,CVCV
tiku,81.4,CVCV
tisc,81.4,CVCC
tivi,81.4,CVCV
tiwa,81.4,CVCV
ufin,81.4,VCVC
vali,81.4,CVCV
vang,81.4,CVCC
vara,81.4,CVCV
voti,81.4,CVCV
wali,81.4,CVCV
wara,81.4,CVCV
weti,81.4,CVCV
wofo,81.4,CVCV
woti,81.4,CVCV
yaro,81.4,CVCV
zeri,81.4,CVCV
akin,81.2,VCVC
anco,81.2,VCCV
anos,81.2,VCVC
anot,81.2,VCVC
asel,81.2,VCVC
bedu,81.2,CVCV
bofe,81.2,CVCV
bofi,81.2,CVCV
cert,81.2,CVCC
dala,81.2,CVCV
doru,81.2,CVCV
ekin,81.2,VCVC
erme,81.2,VCCV
fita,81.2,CVCV
gete,81.2,CVCV
hexe,81.2,CVCV
hong,81.2,CVCC
ides,81.2,VCVC
ikin,81.2,VCVC
irat,81.2,VCVC
irel,81.2,VCVC
jang,81.2,CVCC
jeti,81.2,CVCV
jisi,81.2,CVCV
jofo,81.2,CVCV
juti,81.2,CVCV
kedo,81.2,CVCV
kofa,81.2,CVCV
kofe,81.2,CVCV
nala,81.2,CVCV
nong,81.2,CVCC
odes,81.2,VCVC
ohan,81.2,VCVC
sint,81.2,CVCC
tain,81.2,CVVC
tege,81.2,CVCV
teho,81.2,CVCV
tije,81.2,CVCV
tijo,81.2,CVCV
tisw,81.2,CVCC
udes,81.2,VCVC
uhan,81.2,VCVC
ukin,81.2,VCVC
urem,81.2,VCVC
uret,81.2,VCVC
vofa,81.2,CVCV
vofe,81.2,CVCV
vofi,81.2,CVCV
weat,81.2,CVVC
weda,81.2,CVCV
wofa,81.2,CVCV
wofe,81.2,CVCV
xeri,81.2,CVCV
abin,81.0,VCVC
aere,81.0,VVCV
ahet,81.0,VCVC
anam,81.0,VCVC
aore,81.0,VVCV
dent,81.0,CVCC
efer,81.0,VCVC
ehet,81.0,VCVC
evin,81.0,VCVC
gein,81.0,CVVC
giso,81.0,CVCV
heln,81.0,CVCC
heqe,81.0,CVCV
hezu,81.0,CVCV
hoin,81.0,CVVC
ibin,81.0,VCVC
ihem,81.0,VCVC
iore,81.0,VVCV
ivin,81.0,VCVC
iwin,81.0,VCVC
jeat,81.0,CVVC
jofa,81.0,CVCV
jofe,81.0,CVCV
kiso,81.0,CVCV
lder,81.0,CCVC
lmer,81.0,CCVC
mans,81.0,CVCC
noin,81.0,CVVC
ohem,81.0,VCVC
ohet,81.0,VCVC
ovin,81.0,VCVC
owin,81.0,VCVC
qeri,81.0,CVCV
rast,81.0,CVCC
riat,81.0,CVVC
rons,81.0,CVCC
rver,81.0,CCVC
smer,81.0,CCVC
sote,81.0,CVCV
tour,81.0,CVVC
tsen,81.0,CCVC
uati,81.0,VVCV
ufer,81.0,VCVC
uhem,81.0,VCVC
uhet,81.0,VCVC
uvin,81.0,VCVC
veer,81.0,CVVC
vofu,81.0,CVCV
wedo,81.0,CVCV
wesu,81.0,CVCV
yali,81.0,CVCV
yeti,81.0,CVCV
yofo,81.0,CVCV
zero,81.0,CVCV
anil,80.8,VCVC
apan,80.8,VCVC
cose,80.8,CVCV
crin,80.8,CCVC
dalo,80.8,CVCV
dong,80.8,CVCC
hiof,80.8,CVVC
jedo,80.8,CVCV
jesu,80.8,CVCV
kisa,80.8,CVCV
lesl,80.8,CVCC
litu,80.8,CVCV
lses,80.8,CCVC
mele,80.8,CVCV
mong,80.8,CVCC
nain,80.8,CVVC
nalo,80.8,CVCV
oker,80.8,VCVC
onde,80.8,VCCV
osan,80.8,VCVC
ralu,80.8,CVCV
sian,80.8,CVVC
soin,80.8,CVVC
stal,80.8,CCVC
stia,80.8,CCVV
stie,80.8,CCVV
stiu,80.8,CCVV
temo,80.8,CVCV
tepa,80.8,CVCV
thia,80.8,CCVV
thie,80.8,CCVV
tiyi,80.8,CVCV
tiyu,80.8,CVCV
tohi,80.8,CVCV
unen,80.8,VCVC
viso,80.8,CVCV
whin,80.8,CCVC
wita,80.8,CVCV
xine,80.8,CVCV
xito,80.8,CVCV
yeda,80.8,CVCV
yofa,80.8,CVCV
yofe,80.8,CVCV
yofi,80.8,CVCV
afan,80.6,VCVC
arex,80.6,VCVC
arez,80.6,VCVC
awer,80.6,VCVC
bers,80.6,CVCC
boru,80.6,CVCV
ewer,80.6,VCVC
foin,80.6,CVVC
gala,80.6,CVCV
haer,80.6,CVVC
ifan,80.6,VCVC
insi,80.6,VCCV
kala,80.6,CVCV
lesn,80.6,CVCC
mant,80.6,CVCC
moin,80.6,CVVC
nins,80.6,CVCC
ojin,80.6,VCVC
ower,80.6,VCVC
pain,80.6,CVVC
qito,80.6,CVCV
salo,80.6,CVCV
tefa,80.6,CVCV
tefe,80.6,CVCV
ujin,80.6,VCVC
voru,80.6,CVCV
yedo,80.6,CVCV
yesu,80.6,CVCV
agan,80.4,VCVC
amat,80.4,VCVC
daer,80.4,CVVC
dier,80.4,CVVC
duti,80.4,CVCV
ejer,80.4,VCVC
ekan,80.4,VCVC
emat,80.4,VCVC
fain,80.4,CVVC
falo,80.4,CVCV
fein,80.4,CVVC
fins,80.4,CVCC
fute,80.4,CVCV
geng,80.4,CVCC
gote,80.4,CVCV
hico,80.4,CVCV
ikan,80.4,VCVC
imat,80.4,VCVC
istu,80.4,VCCV
jita,80.4,CVCV
kete,80.4,CVCV
luti,80.4,CVCV
muti,80.4,CVCV
naer,80.4,CVVC
nuti,80.4,CVCV
oyin,80.4,VCVC
pofo,80.4,CVCV
poti,80.4,CVCV
puti,80.4,CVCV
riof,80.4,CVVC
ruti,80.4,CVCV
serc,80.4,CVCC
serf,80.4,CVCC
serp,80.4,CVCC
sser,80.4,CCVC
tefu,80.4,CVCV
tegi,80.4,CVCV
tego,80.4,CVCV
teka,80.4,CVCV
teke,80.4,CVCV
thic,80.4,CCVC
tidu,80.4,CVCV
tigu,80.4,CVCV
tilu,80.4,CVCV
tipi,80.4,CVCV
tipo,80.4,CVCV
ucen,80.4,VCVC
ugan,80.4,VCVC
ujer,80.4,VCVC
ukan,80.4,VCVC
umat,80.4,VCVC
uyin,80.4,VCVC
veth,80.4,CVCC
vuti,80.4,CVCV
wuti,80.4,CVCV
xera,80.4,CVCV
arto,80.2,VCCV
avan,80.2,VCVC
ayer,80.2,VCVC
blen,80.2,CCVC
bong,80.2,CVCC
bote,80.2,CVCV
bute,80.2,CVCV
cant,80.2,CVCC
clen,80.2,CCVC
eato,80.2,VVCV
flen,80.2,CCVC
fuin,80.2,CVVC
gain,80.2,CVVC
gins,80.2,CVCC
goin,80.2,CVVC
iban,80.2,VCVC
jala,80.2,CVCV
kins,80.2,CVCC
kote,80.2,CVCV
meer,80.2,CVVC
meor,80.2,CVVC
mier,80.2,CVVC
moer,80.2,CVVC
nerm,80.2,CVCC
nier,80.2,CVVC
nint,80.2,CVCC
noan,80.2,CVVC
owan,80.2,VCVC
pofe,80.2,CVCV
pofi,80.2,CVCV
qera,80.2,CVCV
reur,80.2,CVVC
roen,80.2,CVVC
situ,80.2,CVCV
teba,80.2,CVCV
tebi,80.2,CVCV
tebu,80.2,CVCV
teko,80.2,CVCV
tevo,80.2,CVCV
tewa,80.2,CVCV
tewo,80.2,CVCV
uban,80.2,VCVC
uvan,80.2,VCVC
uwan,80.2,VCVC
vesm,80.2,CVCC
vesn,80.2,CVCC
vong,80.2,CVCC
wete,80.2,CVCV
wote,80.2,CVCV
yiso,80.2,CVCV
yita,80.2,CVCV
ache,80.0,VCCV
acin,80.0,VCVC
ahon,80.0,VCVC
alem,80.0,VCVC
apin,80.0,VCVC
balo,80.0,CVCV
buin,80.0,CVVC
coth,80.0,CVCC
dian,80.0,CVVC
eben,80.0,VCVC
eche,80.0,VCCV
ejan,80.0,VCVC
epin,80.0,VCVC
etha,80.0,VCCV
etho,80.0,VCCV
fier,80.0,CVVC
gert,80.0,CVCC
heir,80.0,CVVC
henn,80.0,CVCC
henx,80.0,CVCC
heot,80.0,CVVC
herr,80.0,CVCC
hesq,80.0,CVCC
heus,80.0,CVVC
heut,80.0,CVVC
iben,80.0,VCVC
ijan,80.0,VCVC
inul,80.0,VCVC
inun,80.0,VCVC
ipin,80.0,VCVC
jete,80.0,CVCV
koin,80.0,CVVC
loan,80.0,CVVC
oben,80.0,VCVC
ocat,80.0,VCVC
oche,80.0,VCCV
ohon,80.0,VCVC
onol,80.0,VCVC
onos,80.0,VCVC
onot,80.0,VCVC
opin,80.0,VCVC
oril,80.0,VCVC
otha,80.0,VCCV
pert,80.0,CVCC
pofu,80.0,CVCV
renx,80.0,CVCC
rerr,80.0,CVCC
resq,80.0,CVCC
soan,80.0,CVVC
teje,80.0,CVCV
tomo,80.0,CVCV
ucat,80.0,VCVC
uche,80.0,VCCV
ujan,80.0,VCVC
unon,80.0,VCVC
upin,80.0,VCVC
utha,80.0,VCCV
utho,80.0,VCCV
vins,80.0,CVCC
voin,80.0,CVVC
wein,80.0,CVVC
wins,80.0,CVCC
woin,80.0,CVVC
yisa,80.0,CVCV
atam,79.8,VCVC
cerl,79.8,CVCC
cerm,79.8,CVCC
corn,79.8,CVCC
eseb,79.8,VCVC
esef,79.8,VCVC
eseg,79.8,VCVC
eseh,79.8,VCVC
esej,79.8,VCVC
esle,79.8,VCCV
etat,79.8,VCVC
etof,79.8,VCVC
fuer,79.8,CVVC
gaer,79.8,CVVC
gers,79.8,CVCC
ghin,79.8,CCVC
gier,79.8,CVVC
gint,79.8,CVCC
hant,79.8,CVCC
hies,79.8,CVVC
hiin,79.8,CVVC
iate,79.8,VVCV
icre,79.8,VCCV
ilat,79.8,VCVC
ilon,79.8,VCVC
iyan,79.8,VCVC
jalo,79.8,CVCV
jein,79.8,CVVC
join,79.8,CVVC
kint,79.8,CVCC
leis,79.8,CVVC
lerd,79.8,CVCC
liat,79.8,CVVC
maon,79.8,CVVC
mian,79.8,CVVC
moan,79.8,CVVC
nian,79.8,CVVC
olon,79.8,VCVC
oson,79.8,VCVC
otat,79.8,VCVC
otof,79.8,VCVC
oyan,79.8,VCVC
pans,79.8,CVCC
pers,79.8,CVCC
piso,79.8,CVCV
qane,79.8,CVCV
ratr,79.8,CVCC
sans,79.8,CVCC
stom,79.8,CCVC
teyo,79.8,CVCV
uate,79.8,VVCV
ulon,79.8,VCVC
uson,79.8,VCVC
utat,79.8,VCVC
uyan,79.8,VCVC
yete,79.8,CVCV
yote,79.8,CVCV
adon,79.6,VCVC
asas,79.6,VCVC
atri,79.6,VCCV
bier,79.6,CVVC
boer,79.6,CVVC
cisa,79.6,CVCV
dant,79.6,CVCC
edet,79.6,VCVC
efon,79.6,VCVC
ehat,79.6,VCVC
enur,79.6,VCVC
erul,79.6,VCVC
erum,79.6,VCVC
erun,79.6,VCVC
fans,79.6,CVCC
hebr,79.6,CVCC
idon,79.6,VCVC
ifon,79.6,VCVC
ihat,79.6,VCVC
imon,79.6,VCVC
insa,79.6,VCCV
jins,79.6,CVCC
keng,79.6,CVCC
koer,79.6,CVVC
kuer,79.6,CVVC
last,79.6,CVCC
ledr,79.6,CVCC
lerk,79.6,CVCC
meth,79.6,CVCC
misu,79.6,CVCV
nant,79.6,CVCC
nisu,79.6,CVCV
nsin,79.6,CCVC
ohat,79.6,VCVC
onil,79.6,VCVC
onim,79.6,VCVC
orot,79.6,VCVC
pisa,79.6,CVCV
poru,79.6,CVCV
sehi,79.6,CVCV
stei,79.6,CCVV
steo,79.6,CCVV
steu,79.6,CCVV
tast,79.6,CVCC
teyi,79.6,CVCV
udon,79.6,VCVC
uhat,79.6,VCVC
vaer,79.6,CVVC
vier,79.6,CVVC
vint,79.6,CVCC
voer,79.6,CVVC
waer,79.6,CVVC
whea,79.6,CCVV
wier,79.6,CVVC
wint,79.6,CVCC
yain,79.6,CVVC
yein,79.6,CVVC
yoin,79.6,CVVC
adat,79.4,VCVC
berm,79.4,CVCC
caon,79.4,CVVC
cens,79.4,CVCC
clin,79.4,CCVC
ditu,79.4,CVCV
ersi,79.4,VCCV
fert,79.4,CVCC
fisu,79.4,CVCV
flin,79.4,CCVC
fuan,79.4,CVVC
goan,79.4,CVVC
hefr,79.4,CVCC
hegr,79.4,CVCC
inda,79.4,VCCV
jaer,79.4,CVVC
joer,79.4,CVVC
lalu,79.4,CVCV
leas,79.4,CVVC
leit,79.4,CVVC
mesm,79.4,CVCC
mesn,79.4,CVCC
ngis,79.4,CCVC
phel,79.4,CCVC
plin,79.4,CCVC
raso,79.4,CVCV
relt,79.4,CVCC
ries,79.4,CVVC
riin,79.4,CVVC
rner,79.4,CCVC
sant,79.4,CVCC
talu,79.4,CVCV
thur,79.4,CCVC
tost,79.4,CVCC
tran,79.4,CCVC
udat,79.4,VCVC
unat,79.4,VCVC
verd,79.4,CVCC
wedu,79.4,CVCV
whel,79.4,CCVC
yins,79.4,CVCC
zino,79.4,CVCV
agen,79.2,VCVC
anum,79.2,VCVC
anun,79.2,VCVC
anus,79.2,VCVC
anut,79.2,VCVC
arom,79.2,VCVC
atro,79.2,VCCV
boan,79.2,CVVC
chan,79.2,CCVC
cofr,79.2,CVCC
cran,79.2,CCVC
dast,79.2,CVCC
deth,79.2,CVCC
dran,79.2,CCVC
dute,79.2,CVCV
egon,79.2,VCVC
elit,79.2,VCVC
enco,79.2,VCCV
enos,79.2,VCVC
enot,79.2,VCVC
epat,79.2,VCVC
epen,79.2,VCVC
erta,79.2,VCCV
gute,79.2,CVCV
hecl,79.2,CVCC
hefl,79.2,CVCC
hepl,79.2,CVCC
hute,79.2,CVCV
ical,79.2,VCVC
indo,79.2,VCCV
ipen,79.2,VCVC
jedu,79.2,CVCV
jint,79.2,CVCC
kisu,79.2,CVCV
koan,79.2,CVVC
kuan,79.2,CVVC
laon,79.2,CVVC
leve,79.2,CVCV
liof,79.2,CVVC
lute,79.2,CVCV
nitu,79.2,CVCV
nted,79.2,CCVC
nute,79.2,CVCV
oces,79.2,VCVC
ogon,79.2,VCVC
opat,79.2,VCVC
open,79.2,VCVC
osat,79.2,VCVC
pran,79.2,CCVC
pute,79.2,CVCV
rels,79.2,CVCC
reze,79.2,CVCV
rezo,79.2,CVCV
rute,79.2,CVCV
siat,79.2,CVVC
sute,79.2,CVCV
taon,79.2,CVVC
tecu,79.2,CVCV
temu,79.2,CVCV
tepo,79.2,CVCV
tepu,79.2,CVCV
tevu,79.2,CVCV
toce,79.2,CVCV
uces,79.2,VCVC
ugen,79.2,VCVC
upen,79.2,VCVC
usat,79.2,VCVC
vans,79.2,CVCC
vedr,79.2,CVCC
verk,79.2,CVCC
voan,79.2,CVVC
vute,79.2,CVCV
wans,79.2,CVCC
wian,79.2,CVVC
woan,79.2,CVVC
wute,79.2,CVCV
yaer,79.2,CVVC
zina,79.2,CVCV
akon,79.0,VCVC
atti,79.0,VCCV
avon,79.0,VCVC
awon,79.0,VCVC
bles,79.0,CCVC
ceal,79.0,CVVC
chem,79.0,CCVC
cins,79.0,CVCC
cois,79.0,CVVC
cuin,79.0,CVVC
desn,79.0,CVCC
duin,79.0,CVVC
ebon,79.0,VCVC
efat,79.0,VCVC
ekon,79.0,VCVC
erib,79.0,VCVC
erif,79.0,VCVC
erig,79.0,VCVC
erih,79.0,VCVC
erij,79.0,VCVC
eriv,79.0,VCVC
erre,79.0,VCCV
evon,79.0,VCVC
ewon,79.0,VCVC
gant,79.0,CVCC
haon,79.0,CVVC
hegl,79.0,CVCC
ibon,79.0,VCVC
ifat,79.0,VCVC
ikon,79.0,VCVC
itiq,79.0,VCVC
itix,79.0,VCVC
itiz,79.0,VCVC
ivon,79.0,VCVC
iwon,79.0,VCVC
kers,79.0,CVCC
laru,79.0,CVCV
lcon,79.0,CCVC
maen,79.0,CVVC
muin,79.0,CVVC
ngit,79.0,CCVC
nons,79.0,CVCC
obon,79.0,VCVC
owon,79.0,VCVC
peon,79.0,CVVC
poin,79.0,CVVC
puin,79.0,CVVC
qino,79.0,CVCV
rcon,79.0,CCVC
rexa,79.0,CVCV
rexe,79.0,CVCV
rexi,79.0,CVCV
rexu,79.0,CVCV
rlen,79.0,CCVC
roes,79.0,CVVC
rted,79.0,CCVC
ruin,79.0,CVVC
sast,79.0,CVCC
selo,79.0,CVCV
sner,79.0,CCVC
tham,79.0,CCVC
thos,79.0,CCVC
thot,79.0,CCVC
toas,79.0,CVVC
tuin,79.0,CVVC
ubon,79.0,VCVC
ufat,79.0,VCVC
ukon,79.0,VCVC
veas,79.0,CVVC
vuin,79.0,CVVC
wuin,79.0,CVVC
xina,79.0,CVCV
yeng,79.0,CVCC
yuer,79.0,CVVC
zini,79.0,CVCV
abes,78.8,VCVC
ahis,78.8,VCVC
ansa,78.8,VCCV
arse,78.8,VCCV
asem,78.8,VCVC
aset,78.8,VCVC
atra,78.8,VCCV
ebes,78.8,VCVC
egat,78.8,VCVC
ekat,78.8,VCVC
enil,78.8,VCVC
enim,78.8,VCVC
enir,78.8,VCVC
erda,78.8,VCCV
hect,78.8,CVCC
heft,78.8,CVCC
icar,78.8,VCVC
igat,78.8,VCVC
irem,78.8,VCVC
jert,78.8,CVCC
kitu,78.8,CVCV
lasi,78.8,CVCV
leco,78.8,CVCV
lner,78.8,CCVC
lted,78.8,CCVC
obes,78.8,VCVC
ofle,78.8,VCCV
ofom,78.8,VCVC
ogat,78.8,VCVC
ohis,78.8,VCVC
oshe,78.8,VCCV
palu,78.8,CVCV
qina,78.8,CVCV
rden,78.8,CCVC
reln,78.8,CVCC
reqe,78.8,CVCV
reqi,78.8,CVCV
rose,78.8,CVCV
rsin,78.8,CCVC
salu,78.8,CVCV
scer,78.8,CCVC
sien,78.8,CVVC
sons,78.8,CVCC
tasi,78.8,CVCV
ubes,78.8,VCVC
ugat,78.8,VCVC
uhis,78.8,VCVC
ukat,78.8,VCVC
urar,78.8,VCVC
ushe,78.8,VCCV
vant,78.8,CVCC
veve,78.8,CVCV
wers,78.8,CVCC
xone,78.8,CVCV
yoan,78.8,CVVC
afen,78.6,VCVC
anda,78.6,VCCV
asta,78.6,VCCV
atoq,78.6,VCVC
atoz,78.6,VCVC
avat,78.6,VCVC
awat,78.6,VCVC
ayon,78.6,VCVC
beal,78.6,CVVC
bitu,78.6,CVCV
bron,78.6,CCVC
cear,78.6,CVVC
coit,78.6,CVVC
corl,78.6,CVCC
dons,78.6,CVCC
ebat,78.6,VCVC
efen,78.6,VCVC
eled,78.6,VCVC
erna,78.6,VCCV
erob,78.6,VCVC
erod,78.6,VCVC
eroh,78.6,VCVC
eroj,78.6,VCVC
eroy,78.6,VCVC
erso,78.6,VCCV
esil,78.6,VCVC
esim,78.6,VCVC
esir,78.6,VCVC
ewat,78.6,VCVC
gerl,78.6,CVCC
ghea,78.6,CCVV
guer,78.6,CVVC
heab,78.6,CVVC
heac,78.6,CVVC
heah,78.6,CVVC
heaj,78.6,CVVC
heak,78.6,CVVC
heav,78.6,CVVC
heaw,78.6,CVVC
heic,78.6,CVVC
hekn,78.6,CVCC
hept,78.6,CVCC
hewr,78.6,CVCC
hoat,78.6,CVVC
hont,78.6,CVCC
huer,78.6,CVVC
iare,78.6,VVCV
inef,78.6,VCVC
ineg,78.6,VCVC
ineh,78.6,VCVC
inek,78.6,VCVC
inep,78.6,VCVC
inew,78.6,VCVC
itob,78.6,VCVC
itoh,78.6,VCVC
itoj,78.6,VCVC
itop,78.6,VCVC
itov,78.6,VCVC
itoy,78.6,VCVC
ivat,78.6,VCVC
iyon,78.6,VCVC
jern,78.6,CVCC
jers,78.6,CVCC
jisu,78.6,CVCV
luer,78.6,CVVC
merd,78.6,CVCC
ngal,78.6,CCVC
noat,78.6,CVVC
nont,78.6,CVCC
nuer,78.6,CVVC
obat,78.6,VCVC
ofel,78.6,VCVC
oric,78.6,VCVC
ovat,78.6,VCVC
owat,78.6,VCVC
oyon,78.6,VCVC
paon,78.6,CVVC
pint,78.6,CVCC
poer,78.6,CVVC
qini,78.6,CVCV
qone,78.6,CVCV
raes,78.6,CVVC
ruer,78.6,CVVC
smen,78.6,CCVC
tosi,78.6,CVCV
toul,78.6,CVVC
toum,78.6,CVVC
toun,78.6,CVVC
tous,78.6,CVVC
tout,78.6,CVVC
tron,78.6,CCVC
tuer,78.6,CVVC
ubat,78.6,VCVC
ufen,78.6,VCVC
uvat,78.6,VCVC
uwat,78.6,VCVC
uyon,78.6,VCVC
witu,78.6,CVCV
ahit,78.4,VCVC
ajat,78.4,VCVC
ance,78.4,VCCV
cele,78.4,CVCV
cron,78.4,CCVC
cted,78.4,CCVC
diat,78.4,CVVC
dron,78.4,CCVC
ehit,78.4,VCVC
eken,78.4,VCVC
erbe,78.4,VCCV
erma,78.4,VCCV
ersa,78.4,VCCV
feon,78.4,CVVC
ftio,78.4,CCVV
galu,78.4,CVCV
gron,78.4,CCVC
hind,78.4,CVCC
iken,78.4,VCVC
iris,78.4,VCVC
itse,78.4,VCCV
laen,78.4,CVVC
latr,78.4,CVCC
leli,78.4,CVCV
leme,78.4,CVCV
lerf,78.4,CVCC
lerp,78.4,CVCC
lerv,78.4,CVCC
lont,78.4,CVCC
masa,78.4,CVCV
medr,78.4,CVCC
nasi,78.4,CVCV
ndin,78.4,CCVC
ofur,78.4,VCVC
omal,78.4,VCVC
paru,78.4,CVCV
sont,78.4,CVCC
taen,78.4,CVVC
tenn,78.4,CVCC
ticr,78.4,CVCC
tomu,78.4,CVCV
uhit,78.4,VCVC
wran,78.4,CCVC
xten,78.4,CCVC
xure,78.4,CVCV
yant,78.4,CVCC
yern,78.4,CVCC
yisu,78.4,CVCV
zahe,78.4,CVCV
zana,78.4,CVCV
zehe,78.4,CVCV
zihe,78.4,CVCV
zohe,78.4,CVCV
ayat,78.2,VCVC
cuan,78.2,CVVC
derd,78.2,CVCC
doat,78.2,CVVC
dont,78.2,CVCC
erab,78.2,VCVC
erac,78.2,VCVC
erad,78.2,VCVC
erah,78.2,VCVC
erap,78.2,VCVC
eraw,78.2,VCVC
eray,78.2,VCVC
eyat,78.2,VCVC
fuon,78.2,CVVC
gaon,78.2,CVVC
gens,78.2,CVCC
gons,78.2,CVCC
hatr,78.2,CVCC
inke,78.2,VCCV
isom,78.2,VCVC
iyat,78.2,VCVC
jitu,78.2,CVCV
liin,78.2,CVVC
meit,78.2,CVVC
moat,78.2,CVVC
mont,78.2,CVCC
neer,78.2,CVVC
ngar,78.2,CCVC
onic,78.2,VCVC
osed,78.2,VCVC
oyat,78.2,VCVC
pian,78.2,CVVC
poan,78.2,CVVC
pted,78.2,CCVC
puan,78.2,CVVC
qano,78.2,CVCV
qure,78.2,CVCV
raor,78.2,CVVC
rats,78.2,CVCC
rdin,78.2,CCVC
rlin,78.2,CCVC
sasi,78.2,CVCV
ticl,78.2,CVCC
used,78.2,VCVC
uwen,78.2,VCVC
uyat,78.2,VCVC
valu,78.2,CVCV
vuan,78.2,CVVC
xahe,78.2,CVCV
xana,78.2,CVCV
xehe,78.2,CVCV
xohe,78.2,CVCV
zene,78.2,CVCV
ages,78.0,VCVC
ajen,78.0,VCVC
apes,78.0,VCVC
awhe,78.0,VCCV
baon,78.0,CVVC
brea,78.0,CCVV
buon,78.0,CVVC
cheo,78.0,CCVV
cheu,78.0,CCVV
chon,78.0,CCVC
coco,78.0,CVCV
daen,78.0,CVVC
datr,78.0,CVCC
dedr,78.0,CVCC
derk,78.0,CVCC
dien,78.0,CVVC
eges,78.0,VCVC
ejen,78.0,VCVC
erca,78.0,VCCV
erke,78.0,VCCV
ethu,78.0,VCCV
ewhe,78.0,VCCV
fasi,78.0,CVCV
ferl,78.0,CVCC
ferm,78.0,CVCC
fiat,78.0,CVVC
geto,78.0,CVCV
hets,78.0,CVCC
hher,78.0,CCVC
hhes,78.0,CCVC
iges,78.0,VCVC
ijen,78.0,VCVC
inko,78.0,VCCV
insu,78.0,VCCV
ipon,78.0,VCVC
irit,78.0,VCVC
jalu,78.0,CVCV
karu,78.0,CVCV
kons,78.0,CVCC
laso,78.0,CVCV
ldin,78.0,CCVC
naen,78.0,CVVC
noto,78.0,CVCV
ntan,78.0,CCVC
oges,78.0,VCVC
ojen,78.0,VCVC
onul,78.0,VCVC
onun,78.0,VCVC
onus,78.0,VCVC
onut,78.0,VCVC
ophe,78.0,VCCV
orur,78.0,VCVC
othu,78.0,VCCV
owhe,78.0,VCCV
pisu,78.0,CVCV
qahe,78.0,CVCV
qana,78.0,CVCV
qehe,78.0,CVCV
qohe,78.0,CVCV
quhe,78.0,CVCV
rind,78.0,CVCC
rort,78.0,CVCC
rren,78.0,CCVC
rrer,78.0,CCVC
rres,78.0,CCVC
ssen,78.0,CCVC
taso,78.0,CVCV
thae,78.0,CCVV
thai,78.0,CCVV
thao,78.0,CCVV
theq,78.0,CCVC
thex,78.0,CCVC
thez,78.0,CCVC
thoa,78.0,CCVV
thoi,78.0,CCVV
toho,78.0,CVCV
tter,78.0,CCVC
ttin,78.0,CCVC
uges,78.0,VCVC
ujen,78.0,VCVC
upes,78.0,VCVC
upon,78.0,VCVC
uwhe,78.0,VCCV
vaon,78.0,CVVC
veli,78.0,CVCV
veme,78.0,CVCV
verp,78.0,CVCC
verv,78.0,CVCC
vons,78.0,CVCC
waon,78.0,CVVC
weon,78.0,CVVC
wons,78.0,CVCC
xene,78.0,CVCV
yitu,78.0,CVCV
zuhe,78.0,CVCV
aneb,77.8,VCVC
anec,77.8,VCVC
anef,77.8,VCVC
aneh,77.8,VCVC
ayen,77.8,VCVC
brat,77.8,CCVC
brel,77.8,CCVC
ceor,77.8,CVVC
coar,77.8,CVVC
deit,77.8,CVVC
doen,77.8,CVVC
drea,77.8,CCVV
ensi,77.8,VCCV
erko,77.8,VCCV
erla,77.8,VCCV
esol,77.8,VCVC
esos,77.8,VCVC
esot,77.8,VCVC
frea,77.8,CCVV
gent,77.8,CVCC
giat,77.8,CVVC
goat,77.8,CVVC
gont,77.8,CVCC
haso,77.8,CVCV
ione,77.8,VVCV
iseb,77.8,VCVC
isec,77.8,VCVC
isef,77.8,VCVC
iseh,77.8,VCVC
isek,77.8,VCVC
isep,77.8,VCVC
isev,77.8,VCVC
isew,77.8,VCVC
isey,77.8,VCVC
isle,77.8,VCCV
iteq,77.8,VCVC
itex,77.8,VCVC
itez,77.8,VCVC
iyen,77.8,VCVC
jaon,77.8,CVVC
jeon,77.8,CVVC
juon,77.8,CVVC
kerl,77.8,CVCC
kerm,77.8,CVCC
lasa,77.8,CVCV
maes,77.8,CVVC
meen,77.8,CVVC
mien,77.8,CVVC
moen,77.8,CVVC
mper,77.8,CCVC
ndes,77.8,CCVC
onso,77.8,VCCV
onta,77.8,VCCV
oure,77.8,VVCV
paen,77.8,CVVC
patr,77.8,CVCC
qene,77.8,CVCV
rcer,77.8,CCVC
reir,77.8,CVVC
reos,77.8,CVVC
reot,77.8,CVVC
rles,77.8,CCVC
rmen,77.8,CCVC
rnin,77.8,CCVC
rorn,77.8,CVCC
saen,77.8,CVVC
sesk,77.8,CVCC
sesp,77.8,CVCC
shem,77.8,CCVC
shet,77.8,CCVC
sman,77.8,CCVC
tasa,77.8,CVCV
team,77.8,CVVC
tiel,77.8,CVVC
tiur,77.8,CVVC
toso,77.8,CVCV
trat,77.8,CCVC
varu,77.8,CVCV
waru,77.8,CVCV
yalu,77.8,CVCV
ahor,77.6,VCVC
anca,77.6,VCCV
atum,77.6,VCVC
atun,77.6,VCVC
atut,77.6,VCVC
biat,77.6,CVVC
blan,77.6,CCVC
buat,77.6,CVVC
chat,77.6,CCVC
citu,77.6,CVCV
ckin,77.6,CCVC
crat,77.6,CCVC
crel,77.6,CCVC
deve,77.6,CVCV
doto,77.6,CVCV
ehor,77.6,VCVC
erge,77.6,VCCV
esam,77.6,VCVC
faen,77.6,CVVC
fatr,77.6,CVCC
fens,77.6,CVCC
fien,77.6,CVVC
frat,77.6,CCVC
grat,77.6,CCVC
grel,77.6,CCVC
hasa,77.6,CVCV
hice,77.6,CVCV
icis,77.6,VCVC
indu,77.6,VCCV
intu,77.6,VCCV
jaru,77.6,CVCV
koat,77.6,CVVC
kont,77.6,CVCC
kuat,77.6,CVVC
lehi,77.6,CVCV
lend,77.6,CVCC
ltan,77.6,CCVC
meco,77.6,CVCV
miof,77.6,CVVC
ohor,77.6,VCVC
otel,77.6,VCVC
ouhe,77.6,VVCV
plan,77.6,CCVC
prat,77.6,CCVC
rasu,77.6,CVCV
rdes,77.6,CCVC
seof,77.6,CVVC
sesw,77.6,CVCC
sies,77.6,CVVC
siin,77.6,CVVC
sper,77.6,CCVC
tiob,77.6,CVVC
tioh,77.6,CVVC
tiok,77.6,CVVC
tiop,77.6,CVVC
tiov,77.6,CVVC
tiow,77.6,CVVC
tioy,77.6,CVVC
torc,77.6,CVCC
torg,77.6,CVCC
torp,77.6,CVCC
tosa,77.6,CVCV
tsin,77.6,CCVC
utel,77.6,VCVC
viat,77.6,CVVC
voat,77.6,CVVC
vont,77.6,CVCC
wiat,77.6,CVVC
wron,77.6,CCVC
yaon,77.6,CVVC
yeon,77.6,CVVC
yons,77.6,CVCC
afes,77.4,VCVC
alom,77.4,VCVC
anki,77.4,VCCV
caes,77.4,CVVC
deen,77.4,CVVC
efes,77.4,VCVC
elar,77.4,VCVC
enic,77.4,VCVC
feto,77.4,CVCV
fiof,77.4,CVVC
fuen,77.4,CVVC
gatr,77.4,CVCC
gien,77.4,CVVC
goen,77.4,CVVC
ifes,77.4,VCVC
jerl,77.4,CVCC
joat,77.4,CVVC
jont,77.4,CVCC
juat,77.4,CVVC
kens,77.4,CVCC
kien,77.4,CVVC
lber,77.4,CCVC
lela,77.4,CVCV
lmes,77.4,CCVC
lmin,77.4,CCVC
mber,77.4,CCVC
nesm,77.4,CVCC
nesn,77.4,CVCC
olor,77.4,VCVC
omed,77.4,VCVC
onda,77.4,VCCV
pear,77.4,CVVC
rber,77.4,CCVC
rebr,77.4,CVCC
retr,77.4,CVCC
rink,77.4,CVCC
rkin,77.4,CCVC
rves,77.4,CCVC
smes,77.4,CCVC
stos,77.4,CCVC
stot,77.4,CCVC
ufes,77.4,VCVC
ulor,77.4,VCVC
usor,77.4,VCVC
yaru,77.4,CVCV
yuon,77.4,CVVC
zale,77.4,CVCV
afor,77.2,VCVC
akes,77.2,VCVC
aril,77.2,VCVC
arim,77.2,VCVC
arir,77.2,VCVC
batr,77.2,CVCC
boen,77.2,CVVC
buen,77.2,CVVC
cesl,77.2,CVCC
ceth,77.2,CVCC
cker,77.2,CCVC
efor,77.2,VCVC
enul,77.2,VCVC
enum,77.2,VCVC
enun,77.2,VCVC
enus,77.2,VCVC
enut,77.2,VCVC
ermi,77.2,VCCV
erpa,77.2,VCCV
esic,77.2,VCVC
feal,77.2,CVVC
ftan,77.2,CCVC
futo,77.2,CVCV
gele,77.2,CVCV
icit,77.2,VCVC
ikes,77.2,VCVC
jiat,77.2,CVVC
knin,77.2,CCVC
kuen,77.2,CVVC
laes,77.2,CVVC
ldan,77.2,CCVC
lfin,77.2,CCVC
lnin,77.2,CCVC
merb,77.2,CVCC
merg,77.2,CVCC
merp,77.2,CVCC
merv,77.2,CVCC
odor,77.2,VCVC
ondo,77.2,VCCV
pele,77.2,CVCV
phan,77.2,CCVC
qion,77.2,CVVC
refr,77.2,CVCC
repr,77.2,CVCC
seca,77.2,CVCV
skin,77.2,CCVC
taes,77.2,CVVC
toga,77.2,CVCV
toki,77.2,CVCV
udor,77.2,VCVC
ufor,77.2,VCVC
ukes,77.2,VCVC
ulis,77.2,VCVC
vaen,77.2,CVVC
vatr,77.2,CVCC
vehi,77.2,CVCV
vien,77.2,CVVC
voen,77.2,CVVC
waen,77.2,CVVC
wien,77.2,CVVC
woen,77.2,CVVC
xono,77.2,CVCV
xtes,77.2,CCVC
yasi,77.2,CVCV
yerl,77.2,CVCC
yerm,77.2,CVCC
yont,77.2,CVCC
zata,77.2,CVCV
zona,77.2,CVCV
aati,77.0,VVCV
aiti,77.0,VVCV
biof,77.0,CVVC
cesm,77.0,CVCC
cesn,77.0,CVCC
conk,77.0,CVCC
cuon,77.0,CVVC
duon,77.0,CVVC
eere,77.0,VVCV
eghe,77.0,VCCV
eiti,77.0,VVCV
enso,77.0,VCCV
enta,77.0,VCCV
erdu,77.0,VCCV
erfe,77.0,VCCV
ertu,77.0,VCCV
fasa,77.0,CVCV
fico,77.0,CVCV
guon,77.0,CVVC
haes,77.0,CVVC
hedn,77.0,CVCC
heds,77.0,CVCC
hedt,77.0,CVCC
hesr,77.0,CVCC
hial,77.0,CVVC
hitr,77.0,CVCC
hoes,77.0,CVVC
huon,77.0,CVVC
ighe,77.0,VCCV
inop,77.0,VCVC
inov,77.0,VCVC
inow,77.0,VCVC
isco,77.0,VCCV
jatr,77.0,CVCC
kaso,77.0,CVCV
keal,77.0,CVVC
kuto,77.0,CVCV
lelo,77.0,CVCV
luon,77.0,CVVC
mpan,77.0,CCVC
noes,77.0,CVVC
nuon,77.0,CVVC
oiti,77.0,VVCV
oore,77.0,VVCV
owes,77.0,VCVC
phem,77.0,CCVC
pons,77.0,CVCC
ptan,77.0,CCVC
qinu,77.0,CVCV
qono,77.0,CVCV
qori,77.0,CVCV
rebl,77.0,CVCC
recl,77.0,CVCC
refl,77.0,CVCC
renm,77.0,CVCC
renr,77.0,CVCC
resr,77.0,CVCC
rker,77.0,CCVC
rman,77.0,CCVC
rois,77.0,CVVC
rsan,77.0,CCVC
ruon,77.0,CVVC
seta,77.0,CVCV
suon,77.0,CVVC
thun,77.0,CCVC
thut,77.0,CCVC
tinm,77.0,CVCC
tinr,77.0,CVCC
tobo,77.0,CVCV
tobu,77.0,CVCV
toko,77.0,CVCV
toku,77.0,CVCV
tova,77.0,CVCV
tovi,77.0,CVCV
tovo,77.0,CVCV
towe,77.0,CVCV
tuon,77.0,CVVC
uwes,77.0,VCVC
viof,77.0,CVVC
vuon,77.0,CVVC
whet,77.0,CCVC
wrea,77.0,CCVV
xath,77.0,CVCC
xith,77.0,CVCC
xona,77.0,CVCV
yuat,77.0,CVVC
zath,77.0,CVCC
zede,77.0,CVCV
zeru,77.0,CVCV
zith,77.0,CVCC
zoro,77.0,CVCV
agor,76.8,VCVC
andu,76.8,VCCV
antu,76.8,VCCV
aros,76.8,VCVC
arot,76.8,VCVC
daes,76.8,CVVC
deli,76.8,CVCV
deme,76.8,CVCV
derb,76.8,CVCC
derc,76.8,CVCC
derg,76.8,CVCC
derp,76.8,CVCC
diin,76.8,CVVC
edur,76.8,VCVC
ejes,76.8,VCVC
ensa,76.8,VCCV
erga,76.8,VCCV
ergi,76.8,VCCV
ersu,76.8,VCCV
gasa,76.8,CVCV
gico,76.8,CVCV
hica,76.8,CVCV
icti,76.8,VCCV
ijes,76.8,VCVC
inaj,76.8,VCVC
inak,76.8,VCVC
inap,76.8,VCVC
inaw,76.8,VCVC
inay,76.8,VCVC
juto,76.8,CVCV
laor,76.8,CVVC
less,76.8,CVCC
loes,76.8,CVVC
lsan,76.8,CCVC
masu,76.8,CVCV
naes,76.8,CVVC
nose,76.8,CVCV
nson,76.8,CCVC
ogor,76.8,VCVC
qona,76.8,CVCV
regl,76.8,CVCC
role,76.8,CVCV
seha,76.8,CVCV
seho,76.8,CVCV
shei,76.8,CCVV
soes,76.8,CVVC
sses,76.8,CCVC
stih,76.8,CCVC
stij,76.8,CCVC
stiw,76.8,CCVC
stiy,76.8,CCVC
taor,76.8,CVVC
thib,76.8,CCVC
thid,76.8,CCVC
thig,76.8,CCVC
thih,76.8,CCVC
thij,76.8,CCVC
thik,76.8,CCVC
thiv,76.8,CCVC
thiw,76.8,CCVC
tiza,76.8,CVCV
tizi,76.8,CVCV
toje,76.8,CVCV
ugor,76.8,VCVC
ujes,76.8,VCVC
weal,76.8,CVVC
wrel,76.8,CCVC
xede,76.8,CVCV
xoni,76.8,CVCV
yatr,76.8,CVCC
yens,76.8,CVCC
zest,76.8,CVCC
abor,76.6,VCVC
akor,76.6,VCVC
arre,76.6,VCCV
avor,76.6,VCVC
ayes,76.6,VCVC
basa,76.6,CVCV
caan,76.6,CVVC
duat,76.6,CVVC
ebor,76.6,VCVC
endi,76.6,VCCV
erbi,76.6,VCCV
erbo,76.6,VCCV
erbu,76.6,VCCV
ervi,76.6,VCCV
ervo,76.6,VCCV
ewor,76.6,VCVC
eyes,76.6,VCVC
fele,76.6,CVCV
guat,76.6,CVVC
held,76.6,CVCC
hism,76.6,CVCC
hisn,76.6,CVCC
huat,76.6,CVVC
iato,76.6,VVCV
ibor,76.6,VCVC
ikor,76.6,VCVC
inid,76.6,VCVC
inif,76.6,VCVC
inij,76.6,VCVC
inik,76.6,VCVC
inip,76.6,VCVC
iniv,76.6,VCVC
iniy,76.6,VCVC
isil,76.6,VCVC
iwor,76.6,VCVC
iyes,76.6,VCVC
jaso,76.6,CVCV
jeal,76.6,CVVC
jent,76.6,CVCC
lcan,76.6,CCVC
lcor,76.6,CCVC
lesh,76.6,CVCC
lnan,76.6,CCVC
lose,76.6,CVCV
luat,76.6,CVVC
miin,76.6,CVVC
moes,76.6,CVVC
muat,76.6,CVVC
ncan,76.6,CCVC
nies,76.6,CVVC
niin,76.6,CVVC
nuat,76.6,CVVC
oato,76.6,VVCV
obor,76.6,VCVC
onec,76.6,VCVC
onef,76.6,VCVC
oneg,76.6,VCVC
oneh,76.6,VCVC
onej,76.6,VCVC
onek,76.6,VCVC
onev,76.6,VCVC
onew,76.6,VCVC
ovor,76.6,VCVC
oyes,76.6,VCVC
peer,76.6,CVVC
peor,76.6,CVVC
piat,76.6,CVVC
poat,76.6,CVVC
qede,76.6,CVCV
qeru,76.6,CVCV
rais,76.6,CVVC
rcan,76.6,CCVC
rect,76.6,CVCC
rial,76.6,CVVC
rmes,76.6,CCVC
roit,76.6,CVVC
rorl,76.6,CVCC
rper,76.6,CCVC
ruat,76.6,CVVC
saes,76.6,CVVC
snen,76.6,CCVC
teom,76.6,CVVC
tixa,76.6,CVCV
tixe,76.6,CVCV
tixi,76.6,CVCV
toya,76.6,CVCV
toye,76.6,CVCV
tuat,76.6,CVVC
uato,76.6,VVCV
ubor,76.6,VCVC
usis,76.6,VCVC
uvor,76.6,VCVC
uyes,76.6,VCVC
vasa,76.6,CVCV
venk,76.6,CVCC
vuat,76.6,CVVC
wuat,76.6,CVVC
yeto,76.6,CVCV
yuen,76.6,CVVC
zanu,76.6,CVCV
zeno,76.6,CVCV
abre,76.4,VCCV
alil,76.4,VCVC
aram,76.4,VCVC
astu,76.4,VCCV
azin,76.4,VCVC
chit,76.4,CCVC
daor,76.4,CVVC
dats,76.4,CVCC
dose,76.4,CVCV
ebre,76.4,VCCV
ence,76.4,VCCV
esne,76.4,VCCV
etil,76.4,VCVC
etim,76.4,VCVC
etir,76.4,VCVC
etre,76.4,VCCV
ezin,76.4,VCVC
faes,76.4,CVVC
fiin,76.4,CVVC
fose,76.4,CVCV
helk,76.4,CVCC
ibre,76.4,VCCV
isme,76.4,VCCV
knen,76.4,CCVC
lfan,76.4,CCVC
lnen,76.4,CCVC
mehi,76.4,CVCV
naor,76.4,CVVC
nedr,76.4,CVCC
nkan,76.4,CCVC
ntof,76.4,CCVC
ofol,76.4,VCVC
ofos,76.4,VCVC
ojor,76.4,VCVC
onca,76.4,VCCV
orne,76.4,VCCV
otil,76.4,VCVC
otir,76.4,VCVC
otre,76.4,VCCV
qest,76.4,CVCC
reab,76.4,CVVC
reac,76.4,CVVC
reaf,76.4,CVVC
reaj,76.4,CVVC
reak,76.4,CVVC
reav,76.4,CVVC
rekn,76.4,CVCC
rewr,76.4,CVCC
rfin,76.4,CCVC
rica,76.4,CVCV
risl,76.4,CVCC
rove,76.4,CVCV
sepa,76.4,CVCV
shat,76.4,CCVC
stoi,76.4,CCVV
swer,76.4,CCVC
taan,76.4,CVVC
tiqa,76.4,CVCV
tiqe,76.4,CVCV
tiqi,76.4,CVCV
tisq,76.4,CVCC
tten,76.4,CCVC
twer,76.4,CCVC
ubre,76.4,VCCV
ujor,76.4,VCVC
utim,76.4,VCVC
utir,76.4,VCVC
utre,76.4,VCCV
xanu,76.4,CVCV
xora,76.4,CVCV
xtis,76.4,CCVC
yeal,76.4,CVVC
yiof,76.4,CVVC
zena,76.4,CVCV
acre,76.2,VCCV
afre,76.2,VCCV
anob,76.2,VCVC
anog,76.2,VCVC
anoh,76.2,VCVC
anop,76.2,VCVC
anow,76.2,VCVC
anoy,76.2,VCVC
atsi,76.2,VCCV
bror,76.2,CCVC
ceis,76.2,CVVC
cerd,76.2,CVCC
cien,76.2,CVVC
cuen,76.2,CVVC
dees,76.2,CVVC
duen,76.2,CVVC
ecre,76.2,VCCV
edil,76.2,VCVC
edir,76.2,VCVC
efre,76.2,VCCV
egre,76.2,VCCV
esce,76.2,VCCV
esli,76.2,VCCV
exin,76.2,VCVC
eyor,76.2,VCVC
gaes,76.2,CVVC
gies,76.2,CVVC
giin,76.2,CVVC
guen,76.2,CVVC
helf,76.2,CVCC
huen,76.2,CVVC
idre,76.2,VCCV
igre,76.2,VCCV
iono,76.2,VVCV
kaes,76.2,CVVC
kies,76.2,CVVC
lasu,76.2,CVCV
link,76.2,CVCC
mpin,76.2,CCVC
neas,76.2,CVVC
neit,76.2,CVVC
nuen,76.2,CVVC
odre,76.2,VCCV
ofam,76.2,VCVC
ofem,76.2,VCVC
ofet,76.2,VCVC
ofil,76.2,VCVC
ofim,76.2,VCVC
ofir,76.2,VCVC
oled,76.2,VCVC
onka,76.2,VCCV
onki,76.2,VCCV
opre,76.2,VCCV
osit,76.2,VCVC
oxin,76.2,VCVC
oyor,76.2,VCVC
paor,76.2,CVVC
pien,76.2,CVVC
poen,76.2,CVVC
puen,76.2,CVVC
qeno,76.2,CVCV
qora,76.2,CVCV
rait,76.2,CVVC
redl,76.2,CVCC
redm,76.2,CVCC
redn,76.2,CVCC
redt,76.2,CVCC
rgin,76.2,CCVC
riar,76.2,CVVC
rism,76.2,CVCC
rnon,76.2,CCVC
saor,76.2,CVVC
sefa,76.2,CVCV
sefe,76.2,CVCV
tror,76.2,CCVC
tuen,76.2,CVVC
ucre,76.2,VCCV
udre,76.2,VCCV
ufre,76.2,VCCV
uled,76.2,VCVC
upre,76.2,VCCV
urec,76.2,VCVC
ureg,76.2,VCVC
ureh,76.2,VCVC
urej,76.2,VCVC
urek,76.2,VCVC
urep,76.2,VCVC
urew,76.2,VCVC
urey,76.2,VCVC
usit,76.2,VCVC
uyor,76.2,VCVC
wuen,76.2,CVVC
xena,76.2,CVCV
yasa,76.2,CVCV
zase,76.2,CVCV
aheb,76.0,VCVC
ahec,76.0,VCVC
ahef,76.0,VCVC
aheg,76.0,VCVC
aheh,76.0,VCVC
ahej,76.0,VCVC
ahep,76.0,VCVC
alhe,76.0,VCCV
anab,76.0,VCVC
anac,76.0,VCVC
anad,76.0,VCVC
anag,76.0,VCVC
anah,76.0,VCVC
anaj,76.0,VCVC
anap,76.0,VCVC
anav,76.0,VCVC
anaw,76.0,VCVC
anhe,76.0,VCCV
aqin,76.0,VCVC
baes,76.0,CVVC
bies,76.0,CVVC
blon,76.0,CCVC
boes,76.0,CVVC
bues,76.0,CVVC
cedr,76.0,CVCC
ciof,76.0,CVVC
clat,76.0,CCVC
clon,76.0,CCVC
comi,76.0,CVCV
como,76.0,CVCV
cror,76.0,CCVC
cuto,76.0,CVCV
dehi,76.0,CVCV
duto,76.0,CVCV
edhe,76.0,VCCV
edos,76.0,VCVC
edot,76.0,VCVC
eheb,76.0,VCVC
ehec,76.0,VCVC
eheg,76.0,VCVC
eheh,76.0,VCVC
ehej,76.0,VCVC
ehek,76.0,VCVC
ehep,76.0,VCVC
ehev,76.0,VCVC
ehew,76.0,VCVC
ehey,76.0,VCVC
elti,76.0,VCCV
enre,76.0,VCCV
eqin,76.0,VCVC
esre,76.0,VCCV
esun,76.0,VCVC
esus,76.0,VCVC
faor,76.0,CVVC
feer,76.0,CVVC
feor,76.0,CVVC
flon,76.0,CCVC
fror,76.0,CCVC
gesl,76.0,CVCC
geth,76.0,CVCC
ghem,76.0,CCVC
ghet,76.0,CCVC
gror,76.0,CCVC
guto,76.0,CVCV
heem,76.0,CVVC
heet,76.0,CVVC
home,76.0,CVCV
hoth,76.0,CVCC
huto,76.0,CVCV
icas,76.0,VCVC
iheb,76.0,VCVC
ihef,76.0,VCVC
iheh,76.0,VCVC
ihej,76.0,VCVC
ihek,76.0,VCVC
ihep,76.0,VCVC
imal,76.0,VCVC
inci,76.0,VCCV
incu,76.0,VCCV
inhe,76.0,VCCV
iona,76.0,VVCV
izer,76.0,VCVC
jele,76.0,CVCV
kues,76.0,CVVC
lece,76.0,CVCV
lenc,76.0,CVCC
lice,76.0,CVCV
lile,76.0,CVCV
ltat,76.0,CCVC
ltof,76.0,CCVC
muto,76.0,CVCV
nort,76.0,CVCC
noth,76.0,CVCC
nuto,76.0,CVCV
oful,76.0,VCVC
ofum,76.0,VCVC
ofun,76.0,VCVC
ofut,76.0,VCVC
oheh,76.0,VCVC
ohek,76.0,VCVC
ohep,76.0,VCVC
ohev,76.0,VCVC
ohew,76.0,VCVC
ohey,76.0,VCVC
onhe,76.0,VCCV
onko,76.0,VCCV
onku,76.0,VCCV
onsu,76.0,VCCV
oqin,76.0,VCVC
orhe,76.0,VCCV
peth,76.0,CVCC
phei,76.0,CCVV
piof,76.0,CVVC
plat,76.0,CCVC
pror,76.0,CCVC
puto,76.0,CVCV
qena,76.0,CVCV
rbin,76.0,CCVC
rdon,76.0,CCVC
roco,76.0,CVCV
rson,76.0,CCVC
rvin,76.0,CCVC
scat,76.0,CCVC
scin,76.0,CCVC
sego,76.0,CVCV
seke,76.0,CVCV
suto,76.0,CVCV
thua,76.0,CCVV
toci,76.0,CVCV
tocu,76.0,CVCV
todu,76.0,CVCV
togu,76.0,CVCV
topo,76.0,CVCV
tovu,76.0,CVCV
towu,76.0,CVCV
twan,76.0,CCVC
uhec,76.0,VCVC
uheg,76.0,VCVC
uheh,76.0,VCVC
uhek,76.0,VCVC
uhep,76.0,VCVC
uhev,76.0,VCVC
uhew,76.0,VCVC
uhey,76.0,VCVC
umal,76.0,VCVC
vaes,76.0,CVVC
vies,76.0,CVVC
viin,76.0,CVVC
voes,76.0,CVVC
vuto,76.0,CVCV
waes,76.0,CVVC
whei,76.0,CCVV
wheu,76.0,CCVV
whon,76.0,CCVC
woes,76.0,CVVC
xase,76.0,CVCV
xeni,76.0,CVCV
xire,76.0,CVCV
year,76.0,CVVC
yico,76.0,CVCV
zesi,76.0,CVCV
aate,75.8,VVCV
acof,75.8,VCVC
anid,75.8,VCVC
anif,75.8,VCVC
anig,75.8,VCVC
anip,75.8,VCVC
aniw,75.8,VCVC
aniy,75.8,VCVC
arhe,75.8,VCCV
aric,75.8,VCVC
aved,75.8,VCVC
axer,75.8,VCVC
beis,75.8,CVVC
buse,75.8,CVCV
ceas,75.8,CVVC
dela,75.8,CVCV
ecof,75.8,VCVC
eite,75.8,VVCV
eneb,75.8,VCVC
enec,75.8,VCVC
enef,75.8,VCVC
eneg,75.8,VCVC
eneh,75.8,VCVC
enej,75.8,VCVC
enek,75.8,VCVC
eney,75.8,VCVC
esex,75.8,VCVC
esez,75.8,VCVC
eved,75.8,VCVC
exer,75.8,VCVC
gaor,75.8,CVVC
gesm,75.8,CVCC
gesn,75.8,CVCC
idis,75.8,VCVC
ioni,75.8,VVCV
ioro,75.8,VVCV
isol,75.8,VCVC
isot,75.8,VCVC
ived,75.8,VCVC
ixer,75.8,VCVC
jaes,75.8,CVVC
keer,75.8,CVVC
ldon,75.8,CCVC
lesc,75.8,CVCC
lesk,75.8,CVCC
lort,75.8,CVCC
lson,75.8,CCVC
mais,75.8,CVVC
neen,75.8,CVVC
ocof,75.8,VCVC
ofra,75.8,VCCV
oite,75.8,VVCV
oxer,75.8,VCVC
paan,75.8,CVVC
pesn,75.8,CVCC
qire,75.8,CVCV
rank,75.8,CVCC
rets,75.8,CVCC
rpan,75.8,CCVC
saan,75.8,CVVC
sebi,75.8,CVCV
seko,75.8,CVCV
sevi,75.8,CVCV
sewi,75.8,CVCV
sewo,75.8,CVCV
snon,75.8,CCVC
some,75.8,CVCV
sort,75.8,CVCC
soth,75.8,CVCC
telt,75.8,CVCC
tsan,75.8,CCVC
ucof,75.8,VCVC
uite,75.8,VVCV
uved,75.8,VCVC
vose,75.8,CVCV
yele,75.8,CVCV
amar,75.6,VCVC
azan,75.6,VCVC
bats,75.6,CVCC
cico,75.6,CVCV
ctat,75.6,CCVC
ctof,75.6,CCVC
doth,75.6,CVCC
dwer,75.6,CCVC
emis,75.6,VCVC
enca,75.6,VCCV
epor,75.6,VCVC
eqer,75.6,VCVC
erci,75.6,VCCV
erlu,75.6,VCCV
ermu,75.6,VCCV
erpu,75.6,VCCV
esma,75.6,VCCV
faan,75.6,CVVC
fome,75.6,CVCV
fort,75.6,CVCC
foth,75.6,CVCC
ftat,75.6,CCVC
ftof,75.6,CCVC
hihi,75.6,CVCV
icte,75.6,VCCV
imis,75.6,VCVC
ipor,75.6,VCVC
isam,75.6,VCVC
itri,75.6,VCCV
izan,75.6,VCVC
jies,75.6,CVVC
juse,75.6,CVCV
kuor,75.6,CVVC
ldat,75.6,CCVC
lebe,75.6,CVCV
lema,75.6,CVCV
leof,75.6,CVVC
lesw,75.6,CVCC
lnon,75.6,CCVC
lors,75.6,CVCC
neco,75.6,CVCV
ocal,75.6,VCVC
ontu,75.6,VCCV
orul,75.6,VCVC
orun,75.6,VCVC
orus,75.6,VCVC
pico,75.6,CVCV
qesi,75.6,CVCV
rfan,75.6,CCVC
ride,75.6,CVCV
rond,75.6,CVCC
sasu,75.6,CVCV
seja,75.6,CVCV
seje,75.6,CVCV
seju,75.6,CVCV
shis,75.6,CCVC
sorn,75.6,CVCC
sors,75.6,CVCC
steb,75.6,CCVC
stec,75.6,CCVC
stek,75.6,CCVC
stey,75.6,CCVC
tels,75.6,CVCC
teza,75.6,CVCV
tezi,75.6,CVCV
ucal,75.6,VCVC
umis,75.6,VCVC
unis,75.6,VCVC
upor,75.6,VCVC
uqer,75.6,VCVC
vaor,75.6,CVVC
vats,75.6,CVCC
vece,75.6,CVCV
weer,75.6,CVVC
weor,75.6,CVVC
yaes,75.6,CVVC
yoes,75.6,CVVC
afis,75.4,VCVC
arde,75.4,VCCV
atso,75.4,VCCV
atwe,75.4,VCCV
atwo,75.4,VCCV
awre,75.4,VCCV
axan,75.4,VCVC
beit,75.4,CVVC
brem,75.4,CCVC
ceen,75.4,CVVC
ckon,75.4,CCVC
cost,75.4,CVCC
delo,75.4,CVCV
denk,75.4,CVCC
dind,75.4,CVCC
eane,75.4,VVCV
edra,75.4,VCCV
efis,75.4,VCVC
enke,75.4,VCCV
esca,75.4,VCCV
ewre,75.4,VCCV
exan,75.4,VCVC
fesl,75.4,CVCC
forn,75.4,CVCC
fors,75.4,CVCC
gaan,75.4,CVVC
helc,75.4,CVCC
help,75.4,CVCC
hiom,75.4,CVVC
hits,75.4,CVCC
idit,75.4,VCVC
ifis,75.4,VCVC
ilal,75.4,VCVC
iora,75.4,VVCV
iwre,75.4,VCCV
ixan,75.4,VCVC
jats,75.4,CVCC
jeer,75.4,CVVC
juor,75.4,CVVC
kaan,75.4,CVVC
lcen,75.4,CCVC
lfon,75.4,CCVC
litr,75.4,CVCC
maat,75.4,CVVC
mait,75.4,CVVC
morn,75.4,CVCC
mpat,75.4,CCVC
mpen,75.4,CCVC
ncen,75.4,CCVC
ngas,75.4,CCVC
olal,75.4,VCVC
ptat,75.4,CCVC
ptof,75.4,CCVC
rmat,75.4,CCVC
seji,75.4,CVCV
seye,75.4,CVCV
sice,75.4,CVCV
snes,75.4,CCVC
tenm,75.4,CVCC
texa,75.4,CVCV
texo,75.4,CVCV
texu,75.4,CVCV
tiam,75.4,CVVC
tiem,75.4,CVVC
tiet,75.4,CVVC
tiul,75.4,CVVC
tiun,75.4,CVVC
trem,75.4,CCVC
tret,75.4,CCVC
ufis,75.4,VCVC
utal,75.4,VCVC
uwre,75.4,VCCV
uxan,75.4,VCVC
vesc,75.4,CVCC
vesk,75.4,CVCC
vesp,75.4,CVCC
yies,75.4,CVVC
yose,75.4,CVCV
yues,75.4,CVVC
zonu,75.4,CVCV
akis,75.2,VCVC
ancu,75.2,VCCV
aqan,75.2,VCVC
atsa,75.2,VCCV
baan,75.2,CVVC
cand,75.2,CVCC
coce,75.2,CVCV
coli,75.2,CVCV
crem,75.2,CCVC
drem,75.2,CCVC
dwan,75.2,CCVC
ecar,75.2,VCVC
emit,75.2,VCVC
etet,75.2,VCVC
fesm,75.2,CVCC
frem,75.2,CCVC
fret,75.2,CCVC
gasu,75.2,CVCV
gome,75.2,CVCV
gort,75.2,CVCC
gret,75.2,CCVC
hiri,75.2,CVCV
ions,75.2,VVCC
itro,75.2,VCCV
kasu,75.2,CVCV
kesl,75.2,CVCC
knes,75.2,CCVC
lais,75.2,CVVC
lban,75.2,CCVC
lelu,75.2,CVCV
lica,75.2,CVCV
lisl,75.2,CVCC
lnes,75.2,CCVC
lsat,75.2,CCVC
mave,75.2,CVCV
mind,75.2,CVCC
neli,75.2,CVCV
nerc,75.2,CVCC
nerv,75.2,CVCC
ngof,75.2,CCVC
nind,75.2,CVCC
ntou,75.2,CCVV
ocar,75.2,VCVC
ofli,75.2,VCCV
ogis,75.2,VCVC
okis,75.2,VCVC
otet,75.2,VCVC
prem,75.2,CCVC
rame,75.2,CVCV
rkon,75.2,CCVC
roma,75.2,CVCV
rvan,75.2,CCVC
sces,75.2,CCVC
seyu,75.2,CVCV
shit,75.2,CCVC
spat,75.2,CCVC
teln,75.2,CVCC
teqe,75.2,CVCV
teqi,75.2,CVCV
teqo,75.2,CVCV
tequ,75.2,CVCV
tezu,75.2,CVCV
ttes,75.2,CCVC
ucar,75.2,VCVC
ugis,75.2,VCVC
uhal,75.2,VCVC
ukis,75.2,VCVC
unit,75.2,VCVC
uqan,75.2,VCVC
utem,75.2,VCVC
vaan,75.2,CVVC
veof,75.2,CVVC
waan,75.2,CVVC
wror,75.2,CCVC
yaor,75.2,CVVC
yeor,75.2,CVVC
yuse,75.2,CVCV
zean,75.2,CVVC
zeso,75.2,CVCV
abis,75.0,VCVC
adal,75.0,VCVC
alej,75.0,VCVC
alev,75.0,VCVC
aley,75.0,VCVC
alot,75.0,VCVC
awis,75.0,VCVC
basu,75.0,CVCV
been,75.0,CVVC
bhen,75.0,CCVC
bher,75.0,CCVC
bhes,75.0,CCVC
bort,75.0,CVCC
both,75.0,CVCC
bris,75.0,CCVC
btin,75.0,CCVC
caat,75.0,CVVC
cait,75.0,CVVC
ciin,75.0,CVVC
coas,75.0,CVVC
desh,75.0,CVCC
dhen,75.0,CCVC
dter,75.0,CCVC
eang,75.0,VVCC
eath,75.0,VVCC
ebis,75.0,VCVC
efit,75.0,VCVC
eith,75.0,VVCC
emed,75.0,VCVC
eriz,75.0,VCVC
etar,75.0,VCVC
ewis,75.0,VCVC
fhen,75.0,CCVC
fher,75.0,CCVC
fhes,75.0,CCVC
geis,75.0,CVVC
ghei,75.0,CCVV
gheu,75.0,CCVV
ghon,75.0,CCVC
gors,75.0,CVCC
gter,75.0,CCVC
gtin,75.0,CCVC
gues,75.0,CVVC
hedd,75.0,CVCC
heif,75.0,CVVC
heih,75.0,CVVC
heik,75.0,CVVC
heiv,75.0,CVVC
heiw,75.0,CVVC
heoc,75.0,CVVC
heod,75.0,CVVC
heog,75.0,CVVC
heoj,75.0,CVVC
heok,75.0,CVVC
heov,75.0,CVVC
heoy,75.0,CVVC
heub,75.0,CVVC
heuh,75.0,CVVC
heuk,75.0,CVVC
heuv,75.0,CVVC
heuw,75.0,CVVC
heuy,75.0,CVVC
hren,75.0,CCVC
hrer,75.0,CCVC
hter,75.0,CCVC
hues,75.0,CVVC
iath,75.0,VVCC
ibis,75.0,VCVC
imed,75.0,VCVC
inub,75.0,VCVC
inuc,75.0,VCVC
inuf,75.0,VCVC
inug,75.0,VCVC
inuh,75.0,VCVC
inuj,75.0,VCVC
inuk,75.0,VCVC
inup,75.0,VCVC
inuv,75.0,VCVC
inuw,75.0,VCVC
inuy,75.0,VCVC
ivis,75.0,VCVC
jhen,75.0,CCVC
jher,75.0,CCVC
jhes,75.0,CCVC
jren,75.0,CCVC
jrer,75.0,CCVC
jres,75.0,CCVC
jtin,75.0,CCVC
kesn,75.0,CVCC
khes,75.0,CCVC
kome,75.0,CVCV
kort,75.0,CVCC
krer,75.0,CCVC
kres,75.0,CCVC
ktin,75.0,CCVC
kuth,75.0,CVCC
land,75.0,CVCC
leta,75.0,CVCV
lhen,75.0,CCVC
lher,75.0,CCVC
lpin,75.0,CCVC
lres,75.0,CCVC
lues,75.0,CVVC
mank,75.0,CVCC
mben,75.0,CCVC
mhes,75.0,CCVC
mrer,75.0,CCVC
mres,75.0,CCVC
mter,75.0,CCVC
mues,75.0,CVVC
ncat,75.0,CCVC
ncin,75.0,CCVC
nhen,75.0,CCVC
nher,75.0,CCVC
nofl,75.0,CVCC
nois,75.0,CVVC
noon,75.0,CVVC
nren,75.0,CCVC
nrer,75.0,CCVC
oath,75.0,VVCC
obis,75.0,VCVC
odal,75.0,VCVC
oith,75.0,VVCC
olar,75.0,VCVC
onoc,75.0,VCVC
onod,75.0,VCVC
onog,75.0,VCVC
onok,75.0,VCVC
onop,75.0,VCVC
onov,75.0,VCVC
onoy,75.0,VCVC
orib,75.0,VCVC
orid,75.0,VCVC
orif,75.0,VCVC
orig,75.0,VCVC
orih,75.0,VCVC
orij,75.0,VCVC
orik,75.0,VCVC
oriw,75.0,VCVC
otic,75.0,VCVC
peis,75.0,CVVC
pues,75.0,CVVC
qonu,75.0,CVCV
rben,75.0,CCVC
rcat,75.0,CCVC
rhen,75.0,CCVC
rher,75.0,CCVC
rhes,75.0,CCVC
riom,75.0,CVVC
rits,75.0,CVCC
rkat,75.0,CCVC
ronk,75.0,CVCC
rpin,75.0,CCVC
rtou,75.0,CCVV
rues,75.0,CVVC
sive,75.0,CVCV
skon,75.0,CCVC
sofr,75.0,CVCC
sren,75.0,CCVC
sres,75.0,CCVC
sues,75.0,CVVC
tand,75.0,CVCC
ufit,75.0,VCVC
uith,75.0,VVCC
ular,75.0,VCVC
unal,75.0,VCVC
utar,75.0,VCVC
utic,75.0,VCVC
uvis,75.0,VCVC
uwis,75.0,VCVC
vhen,75.0,CCVC
vher,75.0,CCVC
vhes,75.0,CCVC
vome,75.0,CVCV
voth,75.0,CVCC
vres,75.0,CCVC
vtin,75.0,CCVC
vues,75.0,CVVC
wasu,75.0,CVCV
weth,75.0,CVCC
wort,75.0,CVCC
woth,75.0,CVCC
wter,75.0,CCVC
wtin,75.0,CCVC
wues,75.0,CVVC
xean,75.0,CVVC
xeso,75.0,CVCV
xior,75.0,CVVC
yhen,75.0,CCVC
yher,75.0,CCVC
yhes,75.0,CCVC
yrer,75.0,CCVC
yres,75.0,CCVC
ytin,75.0,CCVC
yuor,75.0,CVVC
zatu,75.0,CVCV
zesa,75.0,CVCV
